훈련기관명,주소/회사번호,훈련과정명,훈련기간
(주)유비온,"서울 구로구 
												
													( 02-1600-8778 )",[초급코딩] 초보도 만들 수 있는 생활 속 로봇,"2025-05-03 ~
													
													2025-06-02 (62회차)"
더조은컴퓨터아카데미 종로,"서울 종로구 
												
													( 02-766-8368 )","프로젝트 기반 풀스택(프론트/백엔드) 개발자 취업캠프(리액트,자바,스프링부트)","2025-04-21 ~
													
													2025-12-01 (6회차)"
주식회사멋쟁이사자처럼,"서울 종로구 
												
													( 02-6203-7222 )",기업 참여형 실무 중심 웹 프론트엔드 엔지니어 부트캠프,"2025-04-21 ~
													
													2025-10-30 (2회차)"
더조은컴퓨터아카데미,"서울 강남구 
												
													( 02-594-5613 )","프론트엔드(React, React Native) 웹개발&앱개발자 취업캠프","2025-04-21 ~
													
													2025-11-04 (5회차)"
더조은컴퓨터아카데미 종로,"서울 종로구 
												
													( 02-766-8368 )",빅데이터분석(ElasticStack)활용&자바웹개발자,"2025-04-21 ~
													
													2025-11-07 (3회차)"
(주)포스코 미래창조아카데미,"서울 마포구 
												
													( 054-240-5814 )",스마트팩토리 개발자 고급 과정,"2025-04-21 ~
													
													2025-07-30 (5회차)"
대한상공회의소,"경남 진주시 
												
													( 02-6050-3938 )",[GSITM] 부트캠프,"2025-04-21 ~
													
													2025-10-20 (10회차)"
멀티캠퍼스,"서울 강남구 
												
													( 02-1544-9001 )",[현대이지웰] Java 풀스택 개발자 아카데미,"2025-04-21 ~
													
													2025-10-17 (5회차)"
인천 그린컴퓨터아카데미,"인천 부평구 
												
													( 032-330-2111 )",(기업연계) 클라우드 기반 자바 풀스택 개발 프로젝트 과정,"2025-04-21 ~
													
													2025-09-30 (9회차)"
한국표준협회,"경기 성남시 분당구 
												
													( 02-6240-4884 )",[엔비디아] NVIDIA AI Academy,"2025-04-21 ~
													
													2025-10-22 (6회차)"
더조은컴퓨터아카데미 종로,"서울 종로구 
												
													( 02-766-8368 )",리액트(React.js)와 뷰(vue.js)를 활용한 UI/UX 웹&앱 디자인 실무,"2025-04-21 ~
													
													2025-05-13 (3회차)"
더조은컴퓨터아카데미 종로,"서울 종로구 
												
													( 02-766-8368 )","[3개월 완성]파이썬(Python)을 활용한 빅데이터분석 전문가(데이터수집,저장,분석,시각화) 양성과정","2025-04-21 ~
													
													2025-06-05 (3회차)"
더조은컴퓨터아카데미 종로,"서울 종로구 
												
													( 02-766-8368 )",구글 플러터(Flutter) 활용한 자바(JAVA) 기반 안드로이드&iOS 앱(어플)개발자 양성과정,"2025-04-21 ~
													
													2025-06-02 (1회차)"
더조은컴퓨터아카데미 종로,"서울 종로구 
												
													( 02-766-8368 )",인공지능(AI)활용 서비스 개발자(프론트엔드_React) 취업과정,"2025-04-21 ~
													
													2025-10-30 (4회차)"
연세IT미래교육원(구.연세직업전문학교),"경기 수원시 장안구 
												
													( 031-256-2662 )","기업 실무프로젝트 반영 풀스택 개발자 양성(자바,스프링,리액트,뷰,클라우드)","2025-04-21 ~
													
													2025-11-10 (7회차)"
팀스파르타주식회사,"서울 강남구 
												
													( 02-1522-8016 )","시니어로 가는 지름길, 프론트엔드 실무 스킬(TDD, CI/CD, 성능 최적화)","2025-04-29 ~
													
													2025-06-02 (16회차)"
투썬캠퍼스 분당센터,"경기 성남시 분당구 
												
													( 031-711-5517 )",실습으로 마스터하는 파이썬 인공지능 첫걸음,"2025-04-25 ~
													
													2025-05-24 (39회차)"
팀스파르타주식회사,"서울 강남구 
												
													( 02-1522-8016 )",[스킬업] AI가 처음이어도 쉽게 배우는 생성형 AI A to Z,"2025-04-25 ~
													
													2025-05-29 (44회차)"
팀스파르타주식회사,"서울 강남구 
												
													( 02-1522-8016 )",[왕초보] 칼퇴를 부르는 파이썬 업무 자동화,"2025-04-25 ~
													
													2025-05-29 (49회차)"
코드잇 평생교육원,"서울 강남구 
												
													( -- )",[스프린트 라이트] JavaScript 프로그래밍 중급,"2025-04-22 ~
													
													2025-05-20 (43회차)"
중앙정보기술인재개발원,"서울 마포구 
												
													( 02-704-1711 )",클라우드 데브옵스 프론트엔드&백엔드 자바(JAVA) 풀스택 개발자 취업캠프,"2025-04-22 ~
													
													2025-10-17 (8회차)"
팀스파르타주식회사,"서울 강남구 
												
													( 02-1522-8016 )",[왕초보] 노코드로 완성도 있는 웹사이트 만들기,"2025-04-29 ~
													
													2025-06-02 (55회차)"
(주)글로벌아카데미(구.글로벌직업전문학교),"경기 화성시 
												
													( 031-234-4488 )","차세대 AI 예측 Solution 개발(Java, Python)","2025-04-22 ~
													
													2025-10-21 (8회차)"
KH정보교육원 부산지원,"부산 부산진구 
												
													( 051-632-2157 )",빅데이터 기반(파이썬·자바·웹) 엘라스틱 검색엔진 개발자,"2025-04-22 ~
													
													2025-10-20 (3회차)"
이젠아카데미컴퓨터학원,"경기 구리시 
												
													( 031-555-4449 )",자바(Java) 풀스택 개발 부트캠프,"2025-04-22 ~
													
													2025-10-29 (1회차)"
팀스파르타주식회사,"서울 강남구 
												
													( 02-1522-8016 )",실무에 바로 쓰는 기초가 탄탄한 딥러닝,"2025-04-29 ~
													
													2025-06-09 (16회차)"
투썬캠퍼스 분당센터,"경기 성남시 분당구 
												
													( 031-711-5517 )",가만히 두어도 성과가 나오는 방치형 디지털 마케팅 첫걸음(feat. 챗GPT),"2025-04-25 ~
													
													2025-05-24 (40회차)"
고려아카데미(원격),"서울 금천구 
												
													( 02-2106-8800 )",파이썬 처음이어도 괜찮아! 올인원 풀패키지,"2025-04-22 ~
													
													2025-05-21 (34회차)"
고려아카데미(원격),"서울 금천구 
												
													( 02-2106-8800 )",Flutter와 챗GPT로 나만의 앱과 웹개발 시작하기,"2025-05-08 ~
													
													2025-06-07 (46회차)"
팀스파르타주식회사,"서울 강남구 
												
													( 02-1522-8016 )","[개발자 입문] 웹개발의 봄, Spring","2025-04-29 ~
													
													2025-05-26 (65회차)"
팀스파르타주식회사,"서울 강남구 
												
													( 02-1522-8016 )",[왕초보] 코딩이 처음이어도 쉽게 배우는 웹개발 A to Z,"2025-04-29 ~
													
													2025-06-02 (66회차)"
코드잇 평생교육원,"서울 강남구 
												
													( -- )","1% 일잘러로 성장하는 필수 생산성 도구 (챗GPT, 노션 등)","2025-04-29 ~
													
													2025-05-27 (16회차)"
팀스파르타주식회사,"서울 강남구 
												
													( 02-1522-8016 )",웹개발이 처음이어도 쉽게 배우는 GPT 웹개발,"2025-04-29 ~
													
													2025-06-02 (17회차)"
팀스파르타주식회사,"서울 강남구 
												
													( 02-1522-8016 )",실무에 바로 쓰는 React,"2025-04-29 ~
													
													2025-06-02 (16회차)"
팀스파르타주식회사,"서울 강남구 
												
													( 02-1522-8016 )",[스킬업] 클라우드가 처음이어도 쉽게 배우는 AWS A to Z,"2025-04-25 ~
													
													2025-05-29 (44회차)"
팀스파르타주식회사,"서울 강남구 
												
													( 02-1522-8016 )",[왕초보] Kotlin으로 만드는 공공데이터 활용 안드로이드 앱,"2025-04-25 ~
													
													2025-05-29 (49회차)"
팀스파르타주식회사,"서울 강남구 
												
													( 02-1522-8016 )",[왕초보] Unity로 메타버스 3D 게임 만들기,"2025-04-25 ~
													
													2025-05-29 (49회차)"
팀스파르타주식회사,"서울 강남구 
												
													( 02-1522-8016 )",[왕초보] 노코드로 수익형 AI 앱 만들기,"2025-04-25 ~
													
													2025-05-29 (49회차)"
고려아카데미(원격),"서울 금천구 
												
													( 02-2106-8800 )",인공지능 첫걸음! 데이터 증강을 활용한 나만의 대화형 AI 언어모델 만들기,"2025-04-22 ~
													
													2025-05-21 (34회차)"
고려아카데미(원격),"서울 금천구 
												
													( 02-2106-8800 )",코딩이 처음이어도 괜찮아! 웹개발과 IT 기초 지식,"2025-05-08 ~
													
													2025-06-07 (13회차)"
팀스파르타주식회사,"서울 강남구 
												
													( 02-1522-8016 )",실무에 바로 쓰는 바닥부터 시작하는 머신러닝,"2025-04-29 ~
													
													2025-06-02 (16회차)"
팀스파르타주식회사,"서울 강남구 
												
													( 02-1522-8016 )",3D 게임 개발이 처음이어도 언리얼+블루프린트로 쉽게 배우는 3D 게임 개발,"2025-04-29 ~
													
													2025-06-09 (17회차)"
팀스파르타주식회사,"서울 강남구 
												
													( 02-1522-8016 )",실무에 바로 쓰는 Next.js,"2025-04-29 ~
													
													2025-06-02 (16회차)"
팀스파르타주식회사,"서울 강남구 
												
													( 02-1522-8016 )",[왕초보] 엑셀보다 쉽고 빠른 SQL,"2025-04-25 ~
													
													2025-05-29 (45회차)"
팀스파르타주식회사,"서울 강남구 
												
													( 02-1522-8016 )",[스킬업] 프론트엔드 개발자를 위한 인터랙티브 3D 웹 개발 실전,"2025-04-25 ~
													
													2025-05-29 (49회차)"
코드잇 평생교육원,"서울 강남구 
												
													( -- )",[스프린트 라이트] JavaScript 프로그래밍 기초,"2025-04-22 ~
													
													2025-05-20 (44회차)"
팀스파르타주식회사,"서울 강남구 
												
													( 02-1522-8016 )",[왕초보] ChatGPT 300% 활용하기,"2025-04-29 ~
													
													2025-06-09 (64회차)"
한국표준협회,"서울 성동구 
												
													( 02-6240-4884 )",[신한투자증권] 프로디지털아카데미,"2025-04-22 ~
													
													2025-10-24 (4회차)"
성남 그린컴퓨터아카데미,"경기 성남시 분당구 
												
													( 031-712-7447 )","프로젝트기반 웹&앱(자바,스프링,리액트,노코드) SW개발자 양성과정","2025-04-22 ~
													
													2025-11-19 (5회차)"
주식회사 로켓부스트,"서울 성동구 
												
													( 02-2299-9920 )",[로켓 부스트캠프] 블록체인 엔지니어 부트캠프,"2025-04-22 ~
													
													2025-11-20 (2회차)"
,,,
솔데스크강남학원,"서울 강남구 
												
													( 02-2138-3275 )",입문자를 위한 파이썬 응용 프로젝트 구현하기,"2025-04-23 ~
													
													2025-05-22 (5회차)"
솔데스크강남학원,"서울 강남구 
												
													( 02-2138-3275 )",초짜가 프로젝트로 마스터하는 자바(JAVA) 입문 정석,"2025-04-23 ~
													
													2025-05-22 (5회차)"
엠비씨(MBC)아카데미컴퓨터학원 천호점,"서울 강동구 
												
													( 02-479-0654 )",(기업연계형) AI를 이용한 스마트플랫폼 개발자 양성과정,"2025-04-23 ~
													
													2025-11-28 (12회차)"
주식회사 이젠컴퓨터아카데미,"서울 노원구 
												
													( 02-951-0008 )","클라우드기반 AI Automation 스마트관리시스템(물류관리,생산관리)자바 백엔드개발","2025-04-23 ~
													
													2025-10-13 (12회차)"
연희직업전문학교(주),"인천 서구 
												
													( 032-562-4886 )",스마트 모빌리티 부트캠프 : 웹&모바일 통합 AI 자율주행 로봇 테크코스,"2025-04-23 ~
													
													2025-11-05 (5회차)"
(주)이젠컴퓨터아카데미안산,"경기 안산시 상록구 
												
													( 031-502-2631 )","생성형AI 기반 UX UI  디자인& 프론트엔드 개발 과정(ChatGPT, 일러 포토, 피그마, 자바스크립트, 리액트)","2025-04-23 ~
													
													2025-10-29 (2회차)"
주식회사구름,"서울 강남구 
												
													( 031-600-8586 )",심화_엔드 투 엔드 AI 통합 풀스택 개발 전문가 과정,"2025-04-23 ~
													
													2025-06-27 (2회차)"
주식회사구름,"서울 강남구 
												
													( 031-600-8586 )",심화_다양한 AI워크로드 최적화를 위한 클라우드 엔지니어링 전문가 과정,"2025-04-23 ~
													
													2025-06-27 (2회차)"
주식회사 데이원컴퍼니,"서울 강남구 
												
													( 02-518-4831 )",(콜로소)쉽게 배우는 프롬프트 엔지니어링 기법 12가지와 GPTs 수익화,"2025-05-14 ~
													
													2025-06-18 (3회차)"
솔데스크강남학원,"서울 강남구 
												
													( 02-2138-3275 )",그림으로 배우는 스프링 백엔드 개발,"2025-04-30 ~
													
													2025-05-29 (6회차)"
솔데스크강남학원,"서울 강남구 
												
													( 02-2138-3275 )",핵심만 쏙쏙 배우는 JSP-Servlet,"2025-04-30 ~
													
													2025-05-29 (6회차)"
강남 그린컴퓨터아카데미,"서울 강남구 
												
													( 02-3481-1005 )","챗GPT-랭체인으로 AI 웹서비스 만들기(ChatGPT4, Langchain, Llama Index, Python, Gradio)","2025-04-25 ~
													
													2025-05-25 (50회차)"
주식회사인천일보아카데미,"인천 미추홀구 
												
													( 032-876-3332 )",코딩없이 배우는 인공지능 기초&챗GPT 활용,"2025-04-30 ~
													
													2025-05-29 (57회차)"
(주)신세계아이앤씨,"서울 중구 
												
													( 02-3397-1159 )",[Unity 마스터 클래스] Unity를 몰라도 한 달 만에 3D 게임 제작하기!,"2025-05-14 ~
													
													2025-06-13 (30회차)"
라인원격평생교육원,"대구 수성구 
												
													( 053-801-2003 )",아두이노 시뮬레이터로 알아보는 IoT 맛보기!,"2025-04-23 ~
													
													2025-05-22 (80회차)"
솔데스크강남학원,"서울 강남구 
												
													( 02-2138-3275 )",Spring Boot로 처음 하는 Web,"2025-04-30 ~
													
													2025-05-29 (6회차)"
주식회사 데이원컴퍼니,"서울 강남구 
												
													( 02-518-4831 )",(콜로소)개발자 커리어 확장을 위해 쉽게 배우는 최신 리액트&타입스크립트,"2025-05-28 ~
													
													2025-07-02 (3회차)"
강남 그린컴퓨터아카데미,"서울 강남구 
												
													( 02-3481-1005 )",Open API를 활용한 인터렉티브 웹 어플리케이션 개발 with Vanilla Javascript,"2025-04-25 ~
													
													2025-05-25 (23회차)"
강남 그린컴퓨터아카데미,"서울 강남구 
												
													( 02-3481-1005 )",리액트(React)와 파이어베이스(Firebase)로 시작하는 웹 개발 과정,"2025-04-25 ~
													
													2025-05-25 (50회차)"
윈스펙원격평생교육원,"서울 강남구 
												
													( 02-6953-3893 )",비전공자도 쉽게 배우는 생산관리 데이터분석 실습,"2025-04-23 ~
													
													2025-05-23 (51회차)"
주식회사인천일보아카데미,"인천 미추홀구 
												
													( 032-876-3332 )",음성인식 서비스 개발을 위한 딥러닝 프로젝트,"2025-04-30 ~
													
													2025-05-29 (57회차)"
(주)세종교육,"경기 성남시 수정구 
												
													( 031-757-2653 )","심화_심층 데이터 분석을 통한 개인 맞춤형 예측 자동화 서비스 솔루션 개발 과정 (Hadoop, Tableau, TensorFlow)","2025-04-23 ~
													
													2025-06-26 (6회차)"
연세IT미래교육원(구.연세직업전문학교),"경기 수원시 장안구 
												
													( 031-256-2662 )",AI 네이티브 언리얼(Unreal) 게임프로그래밍(VR콘텐츠 제작 전문가 양성),"2025-04-23 ~
													
													2025-12-09 (6회차)"
미라클평생교육원,"전북 전주시 덕진구 
												
													( 070-5029-5102 )",자율주행 코딩 기초맛보기(with 알티노),"2025-04-23 ~
													
													2025-05-22 (43회차)"
주식회사인천일보아카데미,"인천 미추홀구 
												
													( 032-876-3332 )",인공지능 한바퀴: 데이터라벨링부터 모델링까지 돌아보기,"2025-04-23 ~
													
													2025-05-22 (50회차)"
(주)신세계아이앤씨,"서울 중구 
												
													( 02-3397-1159 )",[Unity 마스터 클래스] Unity를 몰라도 한 달 만에 3D 콘텐츠 크리에이터 되기!,"2025-05-14 ~
													
													2025-06-13 (30회차)"
라인원격평생교육원,"대구 수성구 
												
													( 053-801-2003 )",데이터 분석을 위한 Start line! 파이썬,"2025-04-23 ~
													
													2025-05-22 (80회차)"
국제직업능력개발교육원 주식회사,"경북 경산시 
												
													( 053-811-9217 )","UI/UX 반응형 웹디자인(웹표준,Html5,CSS3,Javascript, jquery)개발 실무과정","2025-04-23 ~
													
													2025-07-01 (1회차)"
주식회사 이젠컴퓨터아카데미,"서울 노원구 
												
													( 02-951-0008 )","기업의 업무 자동화(RPA, 챗GPT) 플랫폼(JAVA, Spring) 개발","2025-04-23 ~
													
													2025-10-21 (5회차)"
노원그린컴퓨터아카데미,"서울 노원구 
												
													( 02-6953-2002 )","단기속성 핵심완성, 프론트엔드 웹 개발","2025-04-24 ~
													
													2025-06-24 (1회차)"
(주)세종교육,"경기 성남시 수정구 
												
													( 031-757-2653 )","[풀스텍]클라우드 기반의 웹&앱 개발자 취업연계 부트캠프(자바,도커,보안)","2025-04-24 ~
													
													2025-11-13 (6회차)"
코드랩아카데미학원,"서울 금천구 
												
													( 02-2038-0800 )",[부트캠프]AI 인공지능 웹서비스 풀스택 개발자(AICC딥러닝),"2025-04-24 ~
													
													2025-10-29 (8회차)"
두드림IT교육원,"경기 성남시 중원구 
												
													( 031-751-3688 )",RPA+시큐어코딩을 활용한 자바스프링 개발자 양성과정,"2025-04-24 ~
													
													2025-10-21 (2회차)"
강남 그린컴퓨터아카데미,"서울 강남구 
												
													( 02-3481-1005 )",심화_클라우드 기반 MSA 적용 ERP 시스템 웹서비스 구현 프로젝트,"2025-04-24 ~
													
													2025-06-26 (1회차)"
노원그린컴퓨터아카데미,"서울 노원구 
												
													( 02-6953-2002 )",AWS기반 스마트오더(Rabbit MQ_양방향 메세징시스템)자바풀스택 웹개발자 양성과정,"2025-04-24 ~
													
													2025-12-03 (3회차)"
(주)솔데스크,"서울 종로구 
												
													( 02-6901-7038 )",자바/파이썬/챗GPT를 활용한 AI 개발자 양성과정,"2025-04-24 ~
													
													2025-10-22 (4회차)"
(주)세종교육,"경기 성남시 수정구 
												
													( 031-757-2653 )","[ 로봇 ] AI 영상기법을 활용한 실용적인 산업화 자율주행, 서비스 협동로봇 개발자 과정 (라이다, 뎁스카메라)","2025-04-24 ~
													
													2025-10-31 (2회차)"
(주)세종교육,"경기 성남시 수정구 
												
													( 031-757-2653 )","융합_[ ESG ] AIoT를 활용한 스마트 환경공정제어 자동화시스템 구축 (MES, ERP, PLC)","2025-04-24 ~
													
													2025-11-17 (2회차)"
코드잇 평생교육원,"서울 강남구 
												
													( -- )",심화_프론트엔드 엔지니어 부트캠프,"2025-04-24 ~
													
													2025-06-24 (9회차)"
코드잇 평생교육원,"서울 강남구 
												
													( -- )",클라우드 기반 Node.js 백엔드 엔지니어 부트캠프,"2025-04-24 ~
													
													2025-11-21 (2회차)"
(주)모두의연구소,"서울 강남구 
												
													( 070-7743-5882 )",비전공자를 위한 데이터 추출부터 분석 활용 실습까지,"2025-05-08 ~
													
													2025-08-05 (53회차)"
(주)모두의연구소,"서울 강남구 
												
													( 070-7743-5882 )",Microsoft MVP 김태영 대표의 챗GPT API활용법부터 나만의 챗봇 개발까지,"2025-05-08 ~
													
													2025-06-06 (59회차)"
(주)모두의연구소,"서울 강남구 
												
													( 070-7743-5882 )",자란다 파이썬 : 클래스(Class) 설계까지 가능한 똑똑한 개발자 되는 법,"2025-05-08 ~
													
													2025-07-06 (59회차)"
인천더조은컴퓨터아트학원,"인천 부평구 
												
													( 032-521-8889 )",생성형AI 활용(인공지능)머신러닝 · 딥러닝 웹(앱)개발 과정,"2025-04-24 ~
													
													2025-10-22 (3회차)"
두드림컴퓨터학원,"경기 성남시 분당구 
												
													( 031-719-3688 )","프로젝트 기반 풀스택(JAVA, Spring) 개발자 양성 과정","2025-04-24 ~
													
													2025-10-21 (17회차)"
글로벌아이티(IT)인재개발학원,"서울 관악구 
												
													( 02-6020-0055 )",데브옵스/MSA/컨테이너 기반의 클라우드 네이티브 엔지니어 전문가 과정,"2025-04-24 ~
													
													2025-10-22 (3회차)"
(주)모두의연구소,"서울 강남구 
												
													( 070-7743-5882 )",쉽게 배울 수 있는 라이브러리 기초 : 데이터 분석 필수 Library 3종 완벽 이해,"2025-05-08 ~
													
													2025-06-06 (59회차)"
(주)모두의연구소,"서울 강남구 
												
													( 070-7743-5882 )",비전공자도 가능한 딥러닝 이미지 분석 모델 구현의 첫시작,"2025-05-08 ~
													
													2025-08-05 (53회차)"
(주)모두의연구소,"서울 강남구 
												
													( 070-7743-5882 )",비개발자도 챗GPT로 손쉽게 챗봇 서비스 만들기,"2025-05-08 ~
													
													2025-07-06 (53회차)"
(주)모두의연구소,"서울 강남구 
												
													( 070-7743-5882 )",딥러닝 한번에 끝내기 : 실습하면서 배우는 딥러닝 기초 이론 완벽 이해,"2025-05-08 ~
													
													2025-06-06 (59회차)"
(주)모두의연구소,"서울 강남구 
												
													( 070-7743-5882 )",상위 1% 일잘러를 위한 고급 프롬프트 엔지니어링,"2025-05-08 ~
													
													2025-06-06 (16회차)"
(주)모두의연구소,"서울 강남구 
												
													( 070-7743-5882 )",왕초보를 위한 챗GPT로 웹사이트 완성하기 (AI와 반응형 웹디자인의 만남),"2025-05-08 ~
													
													2025-06-06 (59회차)"
(주)모두의연구소,"서울 강남구 
												
													( 070-7743-5882 )",딥러닝으로 시작하는 컴퓨터 비젼 : 모델 구현과 태스크 해결까지,"2025-05-08 ~
													
													2025-07-06 (59회차)"
(주)세종교육,"경기 성남시 수정구 
												
													( 031-757-2653 )",[인공지능]AIoT를 이용한 빅데이터 분석 산업솔루션 개발 취업연계 부트캠프,"2025-04-24 ~
													
													2025-11-14 (8회차)"
코드랩아카데미학원,"서울 금천구 
												
													( 02-2038-0800 )",클라우드 활용 O2O 서비스 플랫폼 웹&앱 개발,"2025-04-24 ~
													
													2025-09-29 (4회차)"
솔데스크강남학원,"서울 강남구 
												
													( 02-2138-3275 )",자바(JAVA)와 사물인터넷(IOT)을 활용한 하이브리드 웹앱 풀스택 과정,"2025-04-24 ~
													
													2025-11-05 (6회차)"
글로벌아이티(IT)인재개발학원,"서울 관악구 
												
													( 02-6020-0055 )","ChatGPT를 활용한 AI 웹앱(자바,파이썬) 서비스 개발자 양성 과정","2025-04-24 ~
													
													2025-10-22 (4회차)"
부산예일직업전문학교,"부산 부산진구 
												
													( 051-467-1912 )",융합_[K-디지털]ICT활용 스마트물류시스템개발,"2025-04-24 ~
													
													2025-09-10 (1회차)"
부산예일직업전문학교,"부산 부산진구 
												
													( 051-467-1912 )","[K-디지털]인공지능(AI) 활용 스마트웹개발자양성(Java,Python)","2025-04-24 ~
													
													2025-11-03 (4회차)"
(주)모두의연구소,"서울 강남구 
												
													( 070-7743-5882 )",데이터 분석으로 보는 기초 통계,"2025-05-08 ~
													
													2025-06-06 (59회차)"
(주)모두의연구소,"서울 강남구 
												
													( 070-7743-5882 )",20년 차 현업 PO가 직접 알려주는 PM/PO를 위한 챗GPT 활용법,"2025-05-08 ~
													
													2025-06-06 (59회차)"
글로벌아이티(IT)인재개발학원,"서울 관악구 
												
													( 02-6020-0055 )","풀스택 프레임워크(자바,스프링)기반 데이터 융합SW개발자 과정","2025-04-24 ~
													
													2025-10-22 (13회차)"
주식회사 이젠컴퓨터아카데미 하남미사점,"경기 하남시 
												
													( 031-795-7955 )","프로젝트기반 풀스택 개발자 양성 과정(Java,Node,React,Vue)","2025-04-24 ~
													
													2025-10-22 (6회차)"
솔데스크강남학원,"서울 강남구 
												
													( 02-2138-3275 )",챗GPT를 활용한 자바(JAVA) 스프링 및 데이터 분석 시스템기반 웹 플랫폼 구축 과정,"2025-04-24 ~
													
													2025-11-05 (5회차)"
인천더조은컴퓨터아트학원,"인천 부평구 
												
													( 032-521-8889 )","[취업기업확대]AI활용 풀스택(프론트엔드,백엔드)부트캠프(자바,파이썬,플러터)","2025-04-24 ~
													
													2025-11-10 (5회차)"
(주)모두의연구소,"서울 강남구 
												
													( 070-7743-5882 )",[스마트훈련]초거대/생성 모델 활용 AI서비스 개발자 실무과정,"2025-04-24 ~
													
													2025-08-18 (4회차)"
하이미디어아카데미,"서울 서초구 
												
													( 02-3478-0008 )",생성형 AI를 활용한 자바(JAVA) 풀스택 개발자 (SpringBoot & React.js),"2025-04-24 ~
													
													2025-10-22 (2회차)"
엠비씨(MBC)아카데미 컴퓨터교육센터 수원점,"경기 수원시 팔달구 
												
													( 031-253-5225 )",AI기반 시스템 및 응용소프트웨어 개발자 양성과정,"2025-04-24 ~
													
													2025-10-20 (4회차)"
주식회사경일게임아이티아카데미,"서울 강동구 
												
													( 070-5118-0755 )",[딱 4주] 누구나 할 수 있는 유니티(Unity) 게임개발 출시,"2025-04-25 ~
													
													2025-05-22 (8회차)"
그린컴퓨터아카데미 신촌,"서울 마포구 
												
													( 02-715-2111 )","키오스크 풀스택(프론트(React,PHP)/백엔드(Java,Spring) 개발자 양성과정,참여기업 프로젝트","2025-04-25 ~
													
													2025-11-07 (2회차)"
(주)엠아이티능력개발원,"경기 수원시 영통구 
												
													( 031-224-3636 )",자바(Java) 기반 모니터링 시스템 웹 개발,"2025-04-25 ~
													
													2025-11-10 (2회차)"
엠비씨(MBC)아카데미 컴퓨터교육센터 화곡점,"서울 강서구 
												
													( 02-2675-1750 )",생성형 AI를 활용한 영상 웹퍼블리셔&프론트엔드(React) 개발자 양성,"2025-04-25 ~
													
													2025-10-15 (3회차)"
미토직업전문학교,"부산 부산진구 
												
													( 051-808-0301 )","스마트 앱개발자 양성과정(백엔드, Node.js)","2025-04-25 ~
													
													2025-07-25 (2회차)"
역삼 그린컴퓨터아카데미,"서울 강남구 
												
													( 02-3481-1006 )","심화_AWS기반의 PMS(SPRING, Docker)프로젝트 심화 과정","2025-04-25 ~
													
													2025-06-30 (3회차)"
라인컴퓨터아트학원,"경기 안산시 단원구 
												
													( 031-365-5008 )",Node.JS 기반 Open API 를 활용한 응용 소프트웨어 개발자 양성 과정,"2025-04-28 ~
													
													2025-10-17 (3회차)"
에이치아카데미 D&D교육센터,"경기 고양시 덕양구 
												
													( 02-364-0008 )",인공지능 트랜스포메이션을 위한 플랫폼 개발자 양성과정,"2025-04-28 ~
													
													2025-10-31 (2회차)"
더조은컴퓨터아카데미,"서울 강남구 
												
													( 02-594-5613 )",JAVA 풀스택 웹&앱 개발자(클라우드) 취업캠프,"2025-04-28 ~
													
													2025-11-13 (3회차)"
안산 그린컴퓨터아카데미,"경기 안산시 단원구 
												
													( 031-8044-2111 )","AI프로젝트 풀스택(Java, Python, React) 딥러닝(자연어처리) 개발자 양성과정","2025-04-28 ~
													
													2025-11-18 (15회차)"
이젠IT아카데미학원,"전북 전주시 덕진구 
												
													( 063-276-2380 )","[기업요구 반영]지능형 웹서비스 개발(with JAVA, Spring)","2025-04-28 ~
													
													2025-10-24 (2회차)"
그린컴퓨터아트학원,"서울 종로구 
												
													( 02-722-2111 )",『프로젝트기반』프론트엔드 개발자 양성(Figma/React/Next.js/PHP/Mysql/chatGPT),"2025-04-28 ~
													
													2025-10-30 (3회차)"
(주)알파코,"서울 성동구 
												
													( 02-6956-5701 )",[End-to-End] AI 개발자 마스터 과정,"2025-04-28 ~
													
													2025-11-04 (2회차)"
(주)우리인재개발원,"경기 부천시 
												
													( 032-665-5522 )","AWS기반 HyperAutomation융합 웹서비스플랫폼개발(JAVA,Python,RPA)","2025-04-28 ~
													
													2025-10-27 (5회차)"
엠비씨(MBC)아카데미 컴퓨터교육센터 수원점,"경기 수원시 팔달구 
												
													( 031-253-5225 )",심화_AI Roboflow를 활용한 부유물탐지 시스템 구축과정,"2025-04-28 ~
													
													2025-06-30 (3회차)"
패스트캠퍼스강남학원,"서울 강남구 
												
													( 02-518-4831 )",심화_ProTech 풀스택 개발자 부트캠프,"2025-04-28 ~
													
													2025-07-18 (3회차)"
글로벌ICT직업전문학교,"전남 순천시 
												
													( 061-746-1919 )",웹디자인 & GTQ 1급(포토샵+일러스트) 자격증 취득,"2025-04-28 ~
													
													2025-06-13 (1회차)"
그린컴퓨터아트학원,"대구 중구 
												
													( 053-572-1005 )","기업요구 프로젝트 중심 풀스택 개발자 (PWA를 활용한 React, Express.js) 양성과정","2025-04-28 ~
													
													2025-10-24 (2회차)"
한국전파진흥협회,"서울 양천구 
												
													( 02-317-6183 )",현대오토에버 모빌리티 임베디드 SW 스쿨,"2025-04-28 ~
													
													2025-11-12 (5회차)"
삼정회계법인,"서울 강남구 
												
													( 02-2112-0867 )",[삼정] ESG 데이터 활용 풀스택 개발자 과정,"2025-04-28 ~
													
													2025-11-10 (2회차)"
오라클자바교육학원,"서울 구로구 
												
													( 02-6925-4760 )",ORACLE & Advanced JAVA Developer SW웹개발 양성과정,"2025-04-28 ~
													
													2025-06-19 (1회차)"
더조은컴퓨터학원,"서울 구로구 
												
													( 02-838-1689 )","AWS 풀스택 웹앱(자바, 스프링, 리액트) 지역산업기반 개발자 양성","2025-04-28 ~
													
													2025-10-30 (8회차)"
한국소프트웨어인재개발원,"서울 금천구 
												
													( 02-2025-8523 )","빅데이터 서비스 구현을 위한 자바 파이썬 (Java, Python) 개발자 과정","2025-04-28 ~
													
													2025-10-24 (4회차)"
하이미디어IT인재개발학원,"경기 성남시 중원구 
												
													( 031-736-0008 )",자바와 생성형AI를 활용한 차세대 CRM플랫폼 개발,"2025-04-28 ~
													
													2025-10-26 (4회차)"
코드랩아카데미학원,"서울 금천구 
												
													( 02-2038-0800 )",심화_[부트캠프]GIS를 활용한 위치정보기반(LBS) 웹&앱개발,"2025-04-28 ~
													
													2025-06-30 (3회차)"
한국전파진흥협회,"서울 양천구 
												
													( 02-317-6183 )",현대오토에버 웹&앱 개발 스쿨,"2025-04-28 ~
													
													2025-11-12 (2회차)"
하이미디어IT인재개발학원,"경기 성남시 중원구 
												
													( 031-736-0008 )",자바 풀스택&AI를 활용한 개발자양성 취업과정(APS플랫폼 개발),"2025-04-28 ~
													
													2025-10-23 (2회차)"
인천더조은컴퓨터아트학원,"인천 부평구 
												
													( 032-521-8889 )",MSA기반 플러터(Dart)활용 자바(JAVA)프론트엔드 백엔드 풀스택 웹(앱)개발,"2025-04-28 ~
													
													2025-10-31 (12회차)"
더조은컴퓨터아카데미,"서울 강남구 
												
													( 02-594-5613 )",자바(JAVA)&클라우드(AWS) 활용 풀스택 취업캠프[의료영상 API연동 프로젝트],"2025-04-28 ~
													
													2025-11-13 (7회차)"
더조은컴퓨터아카데미,"서울 강남구 
												
													( 02-594-5613 )",빅데이터 기반 AI활용 앱&웹 개발자(풀스택) 취업캠프,"2025-04-28 ~
													
													2025-11-14 (3회차)"
라인컴퓨터아트학원,"경기 안산시 단원구 
												
													( 031-365-5008 )",(K-DIGITAL)기업요구 생성형 AI를 활용한 개발자 양성 과정,"2025-04-28 ~
													
													2025-10-30 (2회차)"
하이미디어컴퓨터학원,"서울 구로구 
												
													( 02-3667-0008 )","클라우드환경 자바(JAVA) 풀스택 AI융합 웹개발자(AWS, SpringBoot, React.js)","2025-04-28 ~
													
													2025-11-10 (3회차)"
(주)우리인재개발원,"경기 부천시 
												
													( 032-665-5522 )",심화_AI기반 지능형 솔루션 개발 과정,"2025-04-28 ~
													
													2025-06-25 (3회차)"
부산대학교산학협력단,"부산 금정구 
												
													( 051-510-3170 )",AI 데이터 분석 풀스택 웹 개발자 양성과정,"2025-04-28 ~
													
													2025-11-04 (2회차)"
멀티캠퍼스,"서울 강남구 
												
													( 02-1544-9001 )",백엔드 개발자 부트캠프(스프링),"2025-04-28 ~
													
													2025-09-19 (4회차)"
하이미디어아카데미인재개발원,"서울 종로구 
												
													( 02-723-0008 )","[프로젝트기반]자바 풀스택 개발자(React.js, Springboot, CI/CD 활용)","2025-04-29 ~
													
													2025-10-24 (4회차)"
에이콘아카데미(강남),"서울 강남구 
												
													( 02-539-8879 )",JAVA를 활용한 클라우드 현업 멘토 스쿨,"2025-04-29 ~
													
													2025-10-23 (4회차)"
이젠아카데미DX교육센터,"서울 서초구 
												
													( 02-532-6500 )",UXUI 디자인 프론트엔드 부트캠프,"2025-04-29 ~
													
													2025-10-24 (5회차)"
한국ICT인재개발원,"서울 서초구 
												
													( 02-739-7235 )",클라우드환경 패스워드리스 보안 AI 웹개발자 양성,"2025-04-29 ~
													
													2025-11-10 (3회차)"
이젠아카데미DX교육센터,"서울 서초구 
												
													( 02-532-6500 )","백엔드 웹개발자 부트캠프(자바,파이썬,AI챗봇)","2025-04-29 ~
													
													2025-10-15 (8회차)"
팀스파르타주식회사,"서울 강남구 
												
													( 02-1522-8016 )",실무에 바로 쓰는 쿠버네티스 클라우드,"2025-04-29 ~
													
													2025-05-26 (13회차)"
(주)글로벌아카데미(구.글로벌직업전문학교),"경기 화성시 
												
													( 031-234-4488 )",심화_LowCode 기반의 AI융합 스마트관리시스템 개발 심화과정,"2025-04-29 ~
													
													2025-06-26 (6회차)"
중앙정보처리학원,"서울 마포구 
												
													( 02-313-1711 )",클라우드 기반 프론트엔드&백엔드 자바(JAVA) 풀스택 개발자 취업캠프,"2025-04-29 ~
													
													2025-10-24 (3회차)"
에이치아카데미 D&D교육센터,"서울 서대문구 
												
													( 02-364-0008 )","융합_웹툰콘텐츠제작을 위한 AI(미드저니, ChatGPT)활용 전문인력(PD,콘티,캐릭터,배경,연출) 양성","2025-04-29 ~
													
													2025-12-02 (4회차)"
(주)엠아이티능력개발원,"경기 수원시 영통구 
												
													( 031-224-3636 )",AWS 클라우드 기반 자바웹 풀스택 개발자 양성,"2025-04-30 ~
													
													2025-11-14 (4회차)"
주식회사멋쟁이사자처럼,"서울 종로구 
												
													( 02-6203-7222 )",파이썬을 활용한 고도화 백엔드 아키텍처 설계 및 개발 과정,"2025-04-30 ~
													
													2025-10-28 (6회차)"
쌍용교육센터,"서울 강남구 
												
													( 02-3482-4633 )",AWS와 Docker & Kubernetes를 활용한 Java Full-Stack 개발자 양성과정,"2025-04-30 ~
													
													2025-11-14 (11회차)"
부산IT교육센터,"부산 부산진구 
												
													( 051-753-5600 )",[K디지털] 실무 프로젝트기반 메타버스 플랫폼 콘텐츠 제작,"2025-04-30 ~
													
													2025-11-14 (8회차)"
하이미디어컴퓨터학원,"강원 강릉시 
												
													( 033-822-2323 )",웹디자인&웹퍼블리셔 취업반,"2025-04-30 ~
													
													2025-08-11 (1회차)"
그린컴퓨터아트학원,"서울 종로구 
												
													( 02-722-2111 )",리엑트(react)를 이용한 SPA 웹퍼블리셔&앱(프론트엔드) SW개발자,"2025-04-30 ~
													
													2025-08-08 (1회차)"
하이미디어아카데미인재개발원,"서울 종로구 
												
													( 02-723-0008 )","[실무프로젝트]자바 웹개발자(React, Springboot, intelliJ, AWS)","2025-04-30 ~
													
													2025-10-23 (5회차)"
엠비씨(MBC)아카데미 컴퓨터교육센터 수원점,"경기 수원시 팔달구 
												
													( 031-253-5225 )","클라우드 기반의 웹&앱 풀스택 개발자 양성(자바,도커,보안,AWS)","2025-04-30 ~
													
													2025-10-24 (2회차)"
부산IT교육센터,"부산 부산진구 
												
													( 051-753-5600 )",[K디지털] AI&빅데이터 분석 활용 풀스택 서비스 개발,"2025-04-30 ~
													
													2025-11-14 (6회차)"
엠비씨(MBC)아카데미 컴퓨터교육센터 본점,"서울 종로구 
												
													( 02-6958-5870 )",챗GPT 생성형 AI를 활용한 반응형 웹콘텐츠(영상제작&코딩) 개발기획자 양성,"2025-04-30 ~
													
													2025-10-27 (5회차)"
오라클자바교육학원,"서울 구로구 
												
													( 02-6925-4760 )",클라우드 기반 빅데이터 융합 자바(JAVA) 풀스택개발자 양성과정,"2025-04-30 ~
													
													2025-10-28 (5회차)"
어소트락평생교육원,"서울 서초구 
												
													( 02-598-9457 )","(언리얼엔진)3D게임 클라이언트 개발자 양성과정[VR, PC 등]","2025-04-30 ~
													
													2025-12-24 (3회차)"
역삼 그린컴퓨터아카데미,"서울 강남구 
												
													( 02-3481-1006 )","생성형AI를 활용한 커머스웹(PHP, Laravel, Docker, AWS)개발자 과정","2025-04-30 ~
													
													2025-10-17 (1회차)"
한국직업전문학교,"서울 구로구 
												
													( 02-6959-3647 )",의료 Medical AI 분석 서비스 개발자 과정,"2025-04-30 ~
													
													2025-10-29 (2회차)"
인천직업전문학교,"인천 미추홀구 
												
													( 032-772-1199 )",원패스! 정보처리기능사(필기+실기) 국가자격증 취득 과정,"2025-05-01 ~
													
													2025-06-13 (1회차)"
KH정보교육원 강남지원,"서울 강남구 
												
													( 02-1544-9970 )",왕초보를 위한 C언어 핵심요점 정리에서 데이터 시각화까지,"2025-05-01 ~
													
													2025-05-28 (28회차)"
KH정보교육원 강남지원,"서울 강남구 
												
													( 02-1544-9970 )",데이터 분석 모델링 DBA의 첫걸음 SQL 마스터하기,"2025-05-01 ~
													
													2025-05-28 (9회차)"
(주)알파코,"서울 성동구 
												
													( 02-2163-5724 )",Algorithm Problem Solving : Part 2,"2025-05-01 ~
													
													2025-05-31 (8회차)"
(주)알파코,"서울 성동구 
												
													( 02-2163-5724 )",Algorithm Problem Solving : Part 1,"2025-05-01 ~
													
													2025-05-31 (8회차)"
하이미디어컴퓨터학원,"서울 노원구 
												
													( 02-6337-0008 )",기초부터 UI/UX웹디자인/웹퍼블리셔 취업반,"2025-05-01 ~
													
													2025-08-11 (3회차)"
하이미디어컴퓨터학원,"서울 노원구 
												
													( 02-6337-0008 )",Vue 프레임워크를 활용한 웹프론트엔드 개발 입문 과정,"2025-05-01 ~
													
													2025-07-28 (2회차)"
(재)대덕인재개발원,"대전 중구 
												
													( 042-222-8202 )",전자정부 프레임워크 & React(AWS) 기반 풀_스택 개발자 양성과정,"2025-05-01 ~
													
													2025-12-08 (9회차)"
그린컴퓨터아카데미 부산,"부산 부산진구 
												
													( 051-912-1000 )",(생성형AI활용)Springboot 기반 웹개발과 Flutter 기반 앱개발 실무양성 심화과정,"2025-05-02 ~
													
													2025-07-08 (11회차)"
한국IT교육원,"대구 동구 
												
													( 053-952-0008 )",융합_메티컬 AI with 스마트웰니스,"2025-05-02 ~
													
													2025-11-25 (2회차)"
대우능력개발원,"서울 노원구 
												
													( 02-978-0012 )",프로젝트 기반의 프론트앤드 개발자 양성(with 생성형 AI),"2025-05-07 ~
													
													2026-02-12 (2회차)"
주식회사구름,"경기 성남시 분당구 
												
													( 031-600-8586 )",Spring 기반 백엔드 개발자 성장 과정,"2025-05-07 ~
													
													2025-11-24 (4회차)"
(주)엠아이티능력개발원,"경기 수원시 영통구 
												
													( 031-224-3636 )",인공지능 데이터 사이언스와 스마트 분석 시스템,"2025-05-07 ~
													
													2025-11-17 (1회차)"
주식회사구름,"경기 성남시 분당구 
												
													( 031-600-8586 )",React 기반 프론트엔드 개발자 취업 특화 과정,"2025-05-07 ~
													
													2025-11-24 (4회차)"
춘천직업전문학교,"강원 춘천시 
												
													( 033-264-9979 )",[백엔드] PBL기반 Java+Spring boot 양성과정,"2025-05-07 ~
													
													2025-06-11 (1회차)"
그린컴퓨터아카데미 부산,"부산 부산진구 
												
													( 051-912-1000 )","(롯데)기업맞춤형 프로젝트 기반 백엔드 자바, 스프링 웹 SW개발자 양성과정","2025-05-07 ~
													
													2025-11-06 (9회차)"
아이티윌 부산교육센터,"부산 부산진구 
												
													( 051-803-0909 )","ChatGPT 활용 금융서비스 백엔드(자바, 스프링) 개발자","2025-05-08 ~
													
													2025-11-05 (3회차)"
넥스트러너스평생교육시설,"서울 서초구 
												
													( 070-4099-8219 )",[스마트훈련][스타트업트랙] IT 스타트업 실무형 사업 개발자(BD) 부트캠프,"2025-05-08 ~
													
													2025-09-08 (10회차)"
KH정보교육원 강남지원,"서울 강남구 
												
													( 02-1544-9970 )",AWS 클라우드 기반 Devops 개발자 양성 과정,"2025-05-08 ~
													
													2025-12-09 (4회차)"
강남 그린컴퓨터아카데미,"서울 강남구 
												
													( 02-3481-1005 )",『개발자 코딩 테스트 대비』 비전공자도 이해할 수 있는 첫 코딩 with 파이썬,"2025-05-08 ~
													
													2025-06-25 (1회차)"
봄아카데미학원,"서울 마포구 
												
													( 02-325-1500 )",실무 프로젝트 기반 UI UX 모바일 웹 디자인 개발 부트캠프 (Figma 활용),"2025-05-08 ~
													
													2025-10-22 (12회차)"
이젠아카데미 DX교육센터,"서울 종로구 
												
													( 02-733-8781 )",AI 서비스 개발을 위한 클라우드 활용 실무 과정,"2025-05-08 ~
													
													2025-11-17 (1회차)"
이젠아카데미DX교육센터,"서울 서초구 
												
													( 02-532-6500 )",UXUI디자인 웹 프론트엔드개발 부트캠프(생성형AI 활용/피그마),"2025-05-08 ~
													
													2025-10-31 (7회차)"
주식회사 이젠컴퓨터아카데미,"서울 광진구 
												
													( 02-951-0008 )",AI기반 예측 분석 시스템개발,"2025-05-08 ~
													
													2026-04-21 (2회차)"
하이미디어아카데미,"서울 서초구 
												
													( 02-3478-0008 )",UI디자인(일러스트+포토샵+GTQ+GTQi),"2025-05-08 ~
													
													2025-05-28 (1회차)"
하이미디어아카데미,"서울 서초구 
												
													( 02-3478-0008 )",부트스트랩활용 UI/UX 웹퍼블리셔 취업포트폴리오 완성반,"2025-05-08 ~
													
													2025-06-05 (1회차)"
휴먼IT교육센터_내일배움카드교육,"경기 수원시 팔달구 
												
													( 031-239-5855 )",심화_인공지능(AI) 서비스 기반 웹 개발자 심화 프로젝트,"2025-05-08 ~
													
													2025-07-07 (6회차)"
중앙정보기술인재개발원,"서울 강남구 
												
													( 02-561-1911 )",클라우드 데브옵스 프론트엔드&백엔드 자바(JAVA) 풀스택 개발자 취업캠프,"2025-05-08 ~
													
													2025-11-03 (14회차)"
코드잇 평생교육원,"서울 강남구 
												
													( -- )",프론트엔드 엔지니어 부트캠프,"2025-05-08 ~
													
													2025-11-05 (17회차)"
하이미디어아카데미,"서울 강남구 
												
													( 02-3478-0008 )",심화_생성형 AI활용 인재양성과정 (조별멘토),"2025-05-09 ~
													
													2025-07-07 (7회차)"
하이미디어컴퓨터학원,"서울 노원구 
												
													( 02-6337-0008 )",취업을 위한 웹프론트엔드 포트폴리오 제작 과정,"2025-05-09 ~
													
													2025-08-04 (1회차)"
주식회사구름,"경기 성남시 분당구 
												
													( 031-600-8586 )",프로덕트 디자이너를 위한 프론트엔드 개발 융합 실무 과정,"2025-05-09 ~
													
													2025-11-26 (4회차)"
주식회사구름,"경기 성남시 분당구 
												
													( 031-600-8586 )",프로덕트 매니지먼트 마스터 양성 과정,"2025-05-09 ~
													
													2025-11-27 (4회차)"
그린컴퓨터아카데미,"경기 의정부시 
												
													( 031-837-4111 )",Node.js&React 기반 풀스택(프론트앤드&백앤드) 개발자 양성과정,"2025-05-12 ~
													
													2025-11-11 (3회차)"
이젠컴퓨터아트학원,"경기 의정부시 
												
													( 031-846-5888 )",인터렉티브 생성형 AI 챗봇 & 풀스택 개발자,"2025-05-12 ~
													
													2025-11-04 (2회차)"
미래융합교육원,"대전 서구 
												
													( 042-471-9222 )",융합_건양대학교병원 바이오메디컬 인공지능,"2025-05-12 ~
													
													2025-11-18 (3회차)"
연희직업전문학교(주),"인천 서구 
												
													( 032-562-4886 )",AWS 클라우드 환경의 AI 적용 백엔드 API 서버 개발자 양성 과정,"2025-05-12 ~
													
													2025-10-24 (2회차)"
하이미디어컴퓨터학원,"서울 구로구 
												
													( 02-3667-0008 )","AI를 활용한 자바(JAVA)개발자 (React, SpringBoot, LLM)","2025-05-12 ~
													
													2025-11-19 (2회차)"
대한상공회의소,"서울 중구 
												
													( 02-6050-3938 )",[Etevers] 언리얼엔진 DX Wave (3D Artist),"2025-05-12 ~
													
													2025-11-06 (4회차)"
대한상공회의소,"서울 중구 
												
													( 02-6050-3938 )",[크래프톤] 정글,"2025-05-12 ~
													
													2025-10-02 (6회차)"
한국직업능력교육원 안산,"경기 안산시 단원구 
												
													( 031-402-7113 )",영상AI(컴퓨터비전)을 활용한 사물인터넷(IOT) 개발자 양성,"2025-05-12 ~
													
													2025-11-10 (6회차)"
아이티윌 부산교육센터,"부산 부산진구 
												
													( 051-803-0909 )",심화_Spring Boot & AWS 클라우드 기반 백엔드 실무 프로젝트 부트캠프,"2025-05-12 ~
													
													2025-07-14 (3회차)"
더조은컴퓨터학원,"서울 구로구 
												
													( 02-838-1689 )",심화_생성형 AI 활용 백엔드 아키텍쳐 실전 프로젝트,"2025-05-12 ~
													
													2025-07-10 (3회차)"
레브아트컴퓨터학원,"경기 고양시 일산동구 
												
													( 031-901-6777 )",[웹코딩]UI/UX반응형 웹디자인 & 웹퍼블리셔,"2025-05-12 ~
													
													2025-08-04 (1회차)"
휴먼IT교육센터_국비지원무료교육,"서울 영등포구 
												
													( 02-3667-3688 )",데이터 분석 기반 인공지능 시스템 개발자 양성 과정,"2025-05-12 ~
													
													2025-10-27 (6회차)"
이젠컴퓨터학원,"경기 고양시 일산동구 
												
													( 031-994-8111 )","프로젝트기반 생성형 챗봇/백엔드 개발자(with 파이선,자바)","2025-05-12 ~
													
													2025-10-16 (4회차)"
경북산업직업전문학교,"대구 동구 
												
													( 053-751-7755 )",AI기반 빅데이터 플랫폼 풀스택 개발자,"2025-05-12 ~
													
													2025-12-10 (4회차)"
애드인에듀 아카데미 구로가산센터,"서울 금천구 
												
													( 02-552-8565 )",심화_생성형 Ai를 활용한 인공지능개발자 부트캠프,"2025-05-12 ~
													
													2025-07-24 (5회차)"
아이티윌,"서울 강남구 
												
													( 02-6255-8002 )",머신러닝을 활용한 데이터 분석 부트캠프,"2025-05-12 ~
													
													2025-10-28 (3회차)"
(주)휴먼교육센터,"충남 천안시 동남구 
												
													( 041-561-1122 )",JAVA(자바)활용 스마트팩토리 MES 웹 솔루션 개발자,"2025-05-12 ~
													
													2025-11-03 (4회차)"
사단법인중소기업기술혁신협회충북지회,"충북 청주시 청원구 
												
													( 043-235-2884 )",AI 머신비전 융합 인재 양성 과정,"2025-05-12 ~
													
													2025-09-12 (4회차)"
멀티캠퍼스,"서울 강남구 
												
													( 02-1544-9001 )",[웅진씽크빅 유데미 부트캠프] 풀스택 개발과정(JAVA),"2025-05-12 ~
													
													2025-10-22 (5회차)"
구트아카데미학원,"서울 구로구 
												
													( 02-837-9922 )",자바 웹 서비스와 CI/CD 자동화를 위한 컨테이너 기술 종합 과정,"2025-05-12 ~
													
													2025-11-19 (4회차)"
하이미디어아카데미,"서울 서대문구 
												
													( 02-714-0008 )",(실무 프로젝트기반) 자바 풀스택 개발자(React.js와 Springboot활용),"2025-05-13 ~
													
													2025-11-25 (7회차)"
대한상공회의소광주인력개발원,"광주 광산구 
												
													( 062-940-3512 )",인공지능 기반 서비스플랫폼 개발자,"2025-05-13 ~
													
													2025-11-20 (7회차)"
그린컴퓨터아카데미 부산,"부산 부산진구 
												
													( 051-912-1000 )","IT 단기속성 핵심완성,  파이썬 웹 개발 양성과정","2025-05-13 ~
													
													2025-07-31 (1회차)"
주식회사구름,"경기 성남시 분당구 
												
													( 031-600-8586 )",생성 AI 응용 서비스 개발자 양성 과정,"2025-05-13 ~
													
													2025-12-01 (4회차)"
베스핀글로벌주식회사,"서울 서초구 
												
													( 02-6951-5092 )",[베스핀글로벌] 멀티클라우드 엔지니어 취업 실무 과정,"2025-05-13 ~
													
													2025-11-13 (3회차)"
주식회사구름,"경기 성남시 분당구 
												
													( 031-600-8586 )",클라우드 네이티브 엔지니어링 개발자 과정,"2025-05-13 ~
													
													2025-11-28 (4회차)"
하이미디어컴퓨터학원,"서울 강동구 
												
													( 02-479-0009 )",웹표준/웹퍼블리셔(HTML5+CSS3+javascript+jquery)양성과정,"2025-05-13 ~
													
													2025-07-08 (1회차)"
주식회사멋쟁이사자처럼,"서울 종로구 
												
													( 02-6203-7222 )",실전 Unity 게임 개발: 모바일 콘텐츠 제작 기술 과정,"2025-05-13 ~
													
													2025-11-12 (5회차)"
대한상공회의소,"서울 중구 
												
													( 02-6050-3938 )",[IBM x RedHat] AI Transformation - AX Academy,"2025-05-13 ~
													
													2025-11-07 (3회차)"
(주)모두의연구소,"서울 강남구 
												
													( 070-7743-5882 )",재직자_[아이펠]서비스 개발자를 위한 LLM 역량 강화 과정,"2025-05-13 ~
													
													2025-08-09 (3회차)"
(학교법인)인하대학교,"인천 미추홀구 
												
													( 032-851-1044 )",인공지능 실감형콘텐츠 게임프로그램 개발,"2025-05-14 ~
													
													2026-03-13 (2회차)"
메가스터디아이티(IT)아카데미학원,"서울 강남구 
												
													( 02-588-9991 )","WEB3(웹3)전자지갑 풀스텍(JAVA,React) 개발자","2025-05-14 ~
													
													2025-11-19 (4회차)"
이젠아카데미컴퓨터학원,"경기 안양시 만안구 
												
													( 031-468-1114 )","생성형AI 활용한 UI/UX 제작 편집(일러스트, 포토샵)","2025-05-14 ~
													
													2025-06-27 (1회차)"
하이미디어컴퓨터학원,"서울 강동구 
												
													( 02-479-0009 )","(클라우드 기반 MSA)풀스택 자바 개발자(React,SpringBoot,AWS)","2025-05-14 ~
													
													2025-11-21 (3회차)"
그린컴퓨터아카데미 신촌,"서울 마포구 
												
													( 02-715-2111 )","UIUX프론트,백엔드(Java,Spring),Data분석(Python)SW개발자 (참여기업프로젝트 참여) 양성과정","2025-05-14 ~
													
													2025-12-23 (1회차)"
주식회사구름,"경기 성남시 분당구 
												
													( 031-600-8586 )",[구름 x 인프런] 자바 스프링 & 리액트 풀스택 개발자 성장 과정,"2025-05-15 ~
													
													2025-12-02 (14회차)"
이젠아카데미컴퓨터학원,"인천 남동구 
												
													( 032-719-4074 )",AWS클라우드 활용 지능형 웹서비스 풀스택개발,"2025-05-15 ~
													
													2025-10-22 (12회차)"
하이미디어아카데미,"서울 서초구 
												
													( 02-3478-0008 )","클라우드 기반의 자바 풀스택 (Springboot, React, flutter) 개발자","2025-05-15 ~
													
													2025-11-10 (11회차)"
아이티윌,"서울 강남구 
												
													( 02-6255-8002 )",MSA기반 자바 백엔드 개발자 양성과정,"2025-05-15 ~
													
													2025-11-14 (6회차)"
한국ICT인재개발원,"서울 마포구 
												
													( 02-739-7235 )",클라우드기반 AI 대화형 서비스 웹개발자 양성,"2025-05-15 ~
													
													2025-11-21 (14회차)"
그린컴퓨터아트학원,"서울 구로구 
												
													( 02-2111-2000 )","단기속성 핵심완성, 프론트엔드 웹 개발","2025-05-16 ~
													
													2025-08-05 (1회차)"
대한상공회의소,"서울 중구 
												
													( 02-6050-3938 )",[계룡건설] 빅데이터 기반 Green Tech SW개발자,"2025-05-16 ~
													
													2025-11-04 (10회차)"
세라컴퓨터코딩학원,"전북 전주시 덕진구 
												
													( 063-241-1126 )",초보자를 위한 Python,"2025-05-19 ~
													
													2025-06-20 (3회차)"
플레이데이터평생교육원,"서울 서초구 
												
													( 02-754-7302 )",한화시스템 BEYOND SW 캠프 - “청년들의 미래를 이끄는 프로그램”,"2025-05-19 ~
													
													2025-11-12 (16회차)"
주식회사멋쟁이사자처럼,"서울 종로구 
												
													( 02-6203-7222 )",재직자_실무 프로젝트 기반 MS Azure클라우드 엔지니어링 과정,"2025-05-19 ~
													
													2025-07-24 (2회차)"
팀스파르타주식회사,"서울 강남구 
												
													( 02-1522-8016 )",실무형 iOS 앱 개발자 양성과정,"2025-05-19 ~
													
													2025-09-23 (7회차)"
팀스파르타주식회사,"서울 강남구 
												
													( 02-1522-8016 )",Unreal 기반 3D 게임 개발자 양성과정,"2025-05-19 ~
													
													2026-01-12 (3회차)"
DW아카데미학원,"대전 중구 
												
													( 042-222-2402 )",[기업프로젝트] 메타버스 에듀테크 개발자 트랙,"2025-05-19 ~
													
													2025-12-11 (9회차)"
(주)스프레틱스,"서울 마포구 
												
													( 02-6949-2751 )",UI/UX 웹 디자이너 & 웹 퍼블리셔 양성 과정,"2025-05-19 ~
													
													2025-09-15 (1회차)"
케이지에듀원 아이티뱅크종로학원,"서울 종로구 
												
													( 02-3672-3366 )",핀테크 서비스를 위한 풀스택 개발자 양성 과정,"2025-05-19 ~
													
													2025-11-20 (9회차)"
패스트캠퍼스강남학원,"서울 강남구 
												
													( 02-518-4831 )",UXUI 디자인 부트캠프,"2025-05-19 ~
													
													2025-11-07 (7회차)"
멀티캠퍼스,"서울 강남구 
												
													( 02-1544-9001 )",[에스넷시스템] 클라우드 활용 네트워크 엔지니어 양성,"2025-05-19 ~
													
													2025-09-24 (5회차)"
구디아카데미,"서울 금천구 
												
													( 02-818-7950 )",[프로젝트] 클라우드(AWS)활용 자바/스프링 개발 부트캠프,"2025-05-19 ~
													
													2025-11-28 (5회차)"
(주)이스트소프트,서울 서초구,"[이스트캠프] 오르미 프론트엔드 개발(React, HTML/CSS/JavaScript)","2025-05-20 ~
													
													2025-09-29 (6회차)"
한국직업전문학교 1캠퍼스,"서울 구로구 
												
													( 02-6959-3647 )","AI 비전 웹 & 앱 개발 부트캠프(Java, Spring)","2025-05-20 ~
													
													2025-11-18 (2회차)"
(주)모두의연구소,"서울 강남구 
												
													( 070-7743-5882 )",[아이펠]생성형AI를 활용한 프로덕트 데이터 분석 과정,"2025-05-20 ~
													
													2025-11-21 (2회차)"
역삼 그린컴퓨터아카데미,"서울 강남구 
												
													( 02-3481-1006 )",[스타트업]현장실무 클라우드를 활용한 자바 스프링프레임워크 개발자과정,"2025-05-20 ~
													
													2025-11-21 (8회차)"
아이티윌 부산교육센터,"부산 부산진구 
												
													( 051-803-0909 )",프로젝트 기반 자바 스프링 풀스택 개발자,"2025-05-20 ~
													
													2025-11-14 (7회차)"
국제인재개발원,"광주 북구 
												
													( 062-266-6617 )",차세대 교통신호 제어를 위한 AIoT 융합 개발자 양성,"2025-05-20 ~
													
													2025-12-12 (1회차)"
플레이데이터평생교육원,"서울 금천구 
												
													( 02-754-7302 )",SK네트웍스 Family AI 캠프,"2025-05-20 ~
													
													2025-11-18 (15회차)"
강남 그린컴퓨터아카데미,"서울 강남구 
												
													( 02-3481-1005 )",프레임워크 & AI 활용 자바 기반 풀스택 멀티플랫폼 웹서비스 개발과정,"2025-05-20 ~
													
													2025-11-20 (2회차)"
(주)그렙,"서울 서초구 
												
													( -- )",프로그래머스 데브코스: 클라우드 기반 백엔드 엔지니어링,"2025-05-21 ~
													
													2025-10-20 (8회차)"
(주)그렙,"서울 서초구 
												
													( -- )",프로그래머스 데브코스: 클라우드 기반 프론트엔드 엔지니어링,"2025-05-21 ~
													
													2025-10-20 (6회차)"
주식회사경일게임아이티아카데미,"서울 강동구 
												
													( 070-5118-0755 )",[기업프로젝트] 메타버스 게임 개발자 양성,"2025-05-21 ~
													
													2025-12-12 (2회차)"
넥스트러너스평생교육시설,"서울 서초구 
												
													( 070-4099-8219 )",[스마트훈련] IT 스타트업 실무형 백엔드 개발 부트캠프,"2025-05-22 ~
													
													2025-11-14 (12회차)"
현대경제연구원 인재개발원,"서울 동작구 
												
													( 02-2072-6387 )",융합_삼정 Future Academy,"2025-05-22 ~
													
													2025-11-14 (6회차)"
코드잇 평생교육원,"서울 강남구 
												
													( -- )",AWS 활용 Spring 백엔드 개발자 실무 부트캠프,"2025-05-22 ~
													
													2025-12-17 (4회차)"
에이콘아카데미(강남),"서울 강남구 
												
													( 02-539-8879 )",콘텐츠 융합을 위한 자바(JAVA)기반  Full Stack 개발자 양성과정,"2025-05-22 ~
													
													2025-11-12 (12회차)"
넥스트러너스평생교육시설,"서울 서초구 
												
													( 070-4099-8219 )",[스마트훈련] IT 스타트업 실무형 멀티플랫폼 프론트엔드 개발 부트캠프,"2025-05-22 ~
													
													2025-11-14 (13회차)"
광주IT(아이티)학원,"광주 북구 
												
													( 062-266-6063 )",AIoT 통합 스마트솔루션 개발자 양성과정,"2025-05-22 ~
													
													2025-11-21 (1회차)"
한국전파진흥협회,"서울 양천구 
												
													( 02-317-6183 )",LIG넥스원 The SSEN 임베디드SW 스쿨,"2025-05-23 ~
													
													2025-11-27 (2회차)"
그린컴퓨터아카데미 부산,"부산 부산진구 
												
													( 051-912-1000 )","지역인재양성을 위한 MSA기반 크로스 플랫폼(자바,Springboot,Flutter) 개발자 과정","2025-05-23 ~
													
													2025-12-12 (2회차)"
패스트캠퍼스강남학원,"서울 강남구 
												
													( 02-518-4831 )",재직자_INNER CIRCLE : 인공지능(AI) 마스터 Course,"2025-05-24 ~
													
													2025-08-07 (3회차)"
한국IT교육원,"대구 동구 
												
													( 053-952-0008 )",[기업맞춤 PBT] 클라우드 기반 AI 서비스,"2025-05-26 ~
													
													2025-11-28 (6회차)"
아이티윌 부산교육센터,"부산 부산진구 
												
													( 051-803-0909 )",AWS 클라우드 기반 자바 스프링 백엔드 개발자,"2025-05-26 ~
													
													2025-11-21 (6회차)"
휴먼IT교육센터_내일배움카드교육,"경기 수원시 팔달구 
												
													( 031-239-5855 )",디지털 컨버전스 중심 데이터 처리 SW 개발자 양성 과정,"2025-05-26 ~
													
													2025-11-19 (4회차)"
The국제직업전문학교,"광주 광산구 
												
													( 062-971-1114 )",XR기반 실감콘텐츠 개발자 양성과정,"2025-05-26 ~
													
													2025-12-09 (6회차)"
그린컴퓨터아트학원,"서울 구로구 
												
													( 02-2111-2000 )","[KDT]웹퍼블리셔(UIUX)&프론트엔드개발(API,ChatGPT,피그마,리액트,뷰)기업플랫폼프로젝트","2025-05-26 ~
													
													2025-11-18 (8회차)"
하이미디어컴퓨터디자인학원,"경기 고양시 일산동구 
												
													( 031-901-2991 )","자바(파이썬) Full-Stack 개발자 양성 과정(Spring Boot기반의 React,JS활용)","2025-05-26 ~
													
													2025-11-21 (2회차)"
더조은컴퓨터아트학원,"경기 고양시 일산동구 
												
													( 031-902-1777 )",융합_자바 Spring을 활용한 금융서비스(빅데이터기반) 개발자 양성과정,"2025-05-26 ~
													
													2025-11-19 (4회차)"
패스트캠퍼스강남학원,"서울 강남구 
												
													( 02-518-4831 )",AI 융합 백엔드 개발 부트캠프,"2025-05-26 ~
													
													2025-12-05 (4회차)"
한국전파진흥협회,"서울 금천구 
												
													( 02-317-6183 )",AWS Cloud School,"2025-05-27 ~
													
													2025-12-10 (10회차)"
이젠IT아카데미학원,"전북 전주시 덕진구 
												
													( 063-276-2380 )","빅데이터 분석을 위한 AI(머신러닝,딥러닝기반)서비스 개발자 양성(JAVA,파이썬)","2025-05-28 ~
													
													2025-11-12 (3회차)"
그린컴퓨터아카데미,"울산 남구 
												
													( 052-716-3199 )","IoT 지능형 관리시스템 웹&앱 개발자 양성과정(Java,Python,React)","2025-05-28 ~
													
													2025-11-12 (2회차)"
그린컴퓨터아트학원,"충북 청주시 서원구 
												
													( 043-225-2111 )","단기속성 핵심완성, 프론트엔드 웹 개발","2025-05-28 ~
													
													2025-07-16 (1회차)"
그린컴퓨터아카데미 부산,"부산 부산진구 
												
													( 051-912-1000 )",자바&Springboot 크로스 플렛폼(풀스택) 융합 응용SW개발자 양성과정,"2025-05-29 ~
													
													2025-11-21 (3회차)"
애드인에듀 아카데미 구로가산센터,"서울 금천구 
												
													( 02-552-8565 )",ROS2와 인공지능을 활용한 자율주행 로봇 개발자 양성과정,"2025-05-29 ~
													
													2025-11-25 (8회차)"
이젠아카데미컴퓨터학원,"경기 김포시 
												
													( 031-998-7599 )",기업요구를 반영한 프로젝트 기반 풀스택 개발자 양성과정,"2025-05-30 ~
													
													2025-11-24 (7회차)"
KH정보교육원 종로지원,"서울 중구 
												
													( 02-6952-2737 )",프로젝트 기반 AWS 풀스택 웹 개발자 양성,"2025-05-30 ~
													
													2025-12-15 (2회차)"
세라컴퓨터코딩학원,"전북 전주시 덕진구 
												
													( 063-241-1126 )",파이썬 데이터분석 및 시각화,"2025-06-02 ~
													
													2025-07-14 (1회차)"
한국기술교육직업전문학교,"부산 동래구 
												
													( 051-714-5709 )",빅데이터 기반 자바(JAVA) 실무 프로젝트 개발자,"2025-06-02 ~
													
													2025-11-24 (4회차)"
엠비씨(MBC)아카데미컴퓨터학원 천호점,"서울 강동구 
												
													( 02-479-0654 )",(기업연계형) 챗GPT활용 및 DevOps(데브옵스) 개발자 부트캠프,"2025-06-04 ~
													
													2025-12-31 (2회차)"
엠비씨(MBC)아카데미 컴퓨터국비지원교육센터,"서울 종로구 
												
													( 02-2636-7776 )",클라우드(PaaS)를 활용한 지능형교통정보시스템 UI구현 전문가 양성,"2025-06-05 ~
													
													2025-12-24 (4회차)"
패스트캠퍼스강남학원,"서울 강남구 
												
													( 02-518-4831 )",재직자_INNER CIRCLE : 개발 Course,"2025-06-07 ~
													
													2025-09-06 (4회차)"
패스트캠퍼스강남학원,"서울 강남구 
												
													( 02-518-4831 )",재직자_INNER CIRCLE : 기획/디자인 Course,"2025-06-07 ~
													
													2025-09-06 (4회차)"
애드인에듀 아카데미 구로가산센터,"서울 금천구 
												
													( 02-552-8565 )",심화_ROS2와 AI을 활용한 자율주행&로봇팔 개발자 부트캠프,"2025-06-09 ~
													
													2025-08-07 (5회차)"
한울직업전문학교,"광주 서구 
												
													( 062-362-7797 )",인공지능 기술 융합 프론트엔드 웹 전문개발자 양성,"2025-06-09 ~
													
													2025-11-19 (2회차)"
한국정보교육원(구.경원직업전문학교),"서울 관악구 
												
													( 02-855-9611 )",자바 스프링 리액트로 완성하는 클라우드 활용 풀스택 개발,"2025-06-09 ~
													
													2025-12-11 (20회차)"
한울직업전문학교,"광주 서구 
												
													( 062-362-7797 )",인공지능 기술 융합 백엔드 웹 전문개발자 양성,"2025-06-09 ~
													
													2025-12-18 (3회차)"
갈매IT컴퓨터아트학원,"경기 구리시 
												
													( 031-524-9713 )",웹디자인기능사+HTML5+CSS+JS,"2025-06-09 ~
													
													2025-08-22 (1회차)"
재단법인 국제인재능력개발원,"서울 강남구 
												
													( 02-922-3445 )",[메가존]기업주도형  클라우드 네이티브 JAVA 개발자 양성과정,"2025-06-10 ~
													
													2025-12-19 (2회차)"
(주)에스엠유니버스,"서울 금천구 
												
													( -- )",(콘텐츠 테크놀러지 2과정) 차세대 가상 엔터테인먼트 콘텐츠 엔지니어 양성과정,"2025-06-10 ~
													
													2025-12-16 (5회차)"
대한상공회의소,"서울 중구 
												
													( 02-6050-3938 )",융합_[인텔] AI융합 DX 마스터 클래스,"2025-06-11 ~
													
													2025-12-19 (3회차)"
구트아카데미학원,"서울 구로구 
												
													( 02-837-9922 )","자바와 스프링을 활용한 하이브리드 웹앱 풀스택(프론트,백엔드)개발자","2025-06-11 ~
													
													2025-12-18 (6회차)"
그린컴퓨터아트학원,"충북 청주시 서원구 
												
													( 043-225-2111 )",클라우드를 활용한 자바 스프링 백엔드 개발자 양성과정,"2025-06-12 ~
													
													2025-12-19 (2회차)"
부산IT교육센터,"부산 부산진구 
												
													( 051-753-5600 )",[K디지털]스마트웹기반 콘텐츠기획과 UXUI디자인 및 웹&앱제작,"2025-06-12 ~
													
													2025-12-23 (5회차)"
라인컴퓨터아트학원,"경기 안산시 단원구 
												
													( 031-365-5008 )",자바(Spring)기반 크로스 플랫폼(React-Native) 웹&앱 개발자 양성 과정,"2025-06-16 ~
													
													2025-12-12 (17회차)"
양정인력개발센터,"부산 부산진구 
												
													( 051-851-7887 )","빅데이터와 AI를 활용한 자바,파이썬 풀스택 개발자 양성","2025-06-16 ~
													
													2025-12-01 (3회차)"
(주)예담직업전문학교,"대구 중구 
												
													( 053-421-2460 )","프로젝트 중심(MES, SCM, 구독형 ERP) Java 풀스택 웹 개발자 양성과정","2025-06-16 ~
													
													2025-12-30 (5회차)"
멀티캠퍼스,"서울 강남구 
												
													( 02-1544-9001 )",재직자_Skill Up 빅데이터 전문가,"2025-06-16 ~
													
													2025-08-08 (1회차)"
팀스파르타주식회사,"서울 강남구 
												
													( 02-1522-8016 )",앱 제작 실무 과정,"2025-06-16 ~
													
													2025-10-27 (7회차)"
팀스파르타주식회사,"서울 강남구 
												
													( 02-1522-8016 )",생성형 AI를 활용한 데이터드리븐 프로덕트 매니저 양성과정,"2025-06-16 ~
													
													2025-11-20 (3회차)"
부산예일직업전문학교,"부산 부산진구 
												
													( 051-467-1912 )",[K-디지털]언리얼엔진을 활용한 실감형 가상현실콘텐츠개발,"2025-06-17 ~
													
													2025-12-16 (2회차)"
그린컴퓨터아트학원,"대구 중구 
												
													( 053-572-1005 )",기업요구 프로젝트 중심 웹 UIUX 분석 기획 개발자 양성과정,"2025-06-18 ~
													
													2025-12-11 (2회차)"
(주)천재교육,"서울 금천구 
												
													( 02-3282-8588 )",에듀테크 풀스택 개발자 양성(Java),"2025-06-18 ~
													
													2025-12-19 (12회차)"
대신IT평생교육원,"서울 강동구 
												
													( 02-475-5551 )",스마트팜 전문가 양성과정,"2025-06-19 ~
													
													2025-12-18 (7회차)"
부산IT교육센터,"부산 부산진구 
												
													( 051-753-5600 )","[K디지털] 실무 프로젝트기반 풀스택(스프링, 리액트, 앱) 개발자 양성","2025-06-19 ~
													
													2026-01-13 (6회차)"
한국ICT인재개발원,"서울 마포구 
												
													( 02-739-7235 )",무중단 서비스를 위한 클라우드기반 자바풀스택 개발자 과정,"2025-06-19 ~
													
													2025-12-31 (3회차)"
한국표준협회,"서울 강남구 
												
													( 02-6240-4884 )",심화_[한국경제신문]생성형 AI를 활용한 미디어 콘텐츠 크리에이터 캠프,"2025-06-23 ~
													
													2025-08-22 (1회차)"
하이미디어컴퓨터학원,"경기 구리시 
												
													( 031-567-0003 )","생성형 AI 활용 자바 풀스택개발(ChatGPT, Claude, React, Springboot, AWS) 부트캠프","2025-06-23 ~
													
													2025-12-12 (3회차)"
모블교육센터평생교육원,"충남 천안시 동남구 
												
													( 041-417-1130 )",인공지능을 활용한 지능형 서비스 개발 심화 과정,"2025-06-23 ~
													
													2025-08-15 (5회차)"
모블교육센터평생교육원,"충남 천안시 동남구 
												
													( 041-417-1130 )",융합_머신비전을 활용한 AI 기반의 첨단제조 분야 제어 SW 개발과정,"2025-06-23 ~
													
													2026-01-19 (1회차)"
그린컴퓨터아트학원,"대전 서구 
												
													( 042-476-2111 )","심화_AWS클라우드네이티브 PWA위치기반 실무프로젝트CICD(Next,React,Typescript)","2025-06-25 ~
													
													2026-08-20 (3회차)"
휴먼IT교육센터_국비지원무료교육,"서울 영등포구 
												
													( 02-3667-3688 )",심화_심층 데이터 분석을 통한 서비스 솔루션 개발자 과정,"2025-06-30 ~
													
													2025-08-29 (3회차)"
국립부경대학교,"부산 남구 
												
													( 051-629-5231 )",Hyper AI·Go Block봇 프로젝트,"2025-06-30 ~
													
													2025-12-22 (1회차)"
국립경국대학교 산학협력단,"경북 안동시 
												
													( 054-820-7183 )",클라우드 기반 인공지능 전문가 양성과정,"2025-06-30 ~
													
													2025-10-28 (1회차)"
한국휴렛팩커드(유)교육센터,"서울 서초구 
												
													( 02-3470-2203 )",마이크로서비스 개발자 아카데미,"2025-06-30 ~
													
													2025-12-23 (3회차)"
경북대학교산학협력단,"대구 북구 
												
													( 053-950-6742 )",AI·빅데이터 전문가 양성과정,"2025-06-30 ~
													
													2025-12-24 (3회차)"
한경닷컴IT교육센터,"서울 영등포구 
												
													( 02-6340-2460 )",실시간 데이터처리 자바 웹서비스개발과정,"2025-07-02 ~
													
													2025-12-22 (5회차)"
한국직업전문학교,"서울 구로구 
												
													( 02-6959-3647 )","AI 서비스 개발자 (Search, 객체탐지, 판독)","2025-07-03 ~
													
													2025-12-26 (1회차)"
한국표준협회,"부산 부산진구 
												
													( 02-6240-4884 )","[BNK부산은행]금융DT 아카데미(생성형AI활용,자바,Spring,Flutter) 개발자 양성과정","2025-07-07 ~
													
													2026-01-07 (2회차)"
엠비씨(MBC)아카데미 컴퓨터국비지원교육센터,"서울 관악구 
												
													( 02-2636-7776 )",심화_인공지능 YOLO기반 부트캠프,"2025-07-10 ~
													
													2025-09-10 (4회차)"
에이콘아카데미 홍대학원,"서울 마포구 
												
													( 02-2233-6417 )",자바(JAVA) 웹개발자 양성과정(클라우드),"2025-07-14 ~
													
													2026-01-15 (3회차)"
(주)신세계아이앤씨,"서울 강남구 
												
													( 02-3397-1159 )",클라우드 엔지니어 양성과정,"2025-07-15 ~
													
													2026-01-09 (6회차)"
(주)신세계아이앤씨,"서울 강남구 
												
													( 02-3397-1159 )",JAVA 기반 백엔드 개발자 양성,"2025-07-15 ~
													
													2026-01-16 (9회차)"
동성인재개발교육원,"부산 부산진구 
												
													( 051-933-3400 )","AI기반 스마트융합(JAVA, PYTHON) 풀스택 개발자 양성","2025-07-25 ~
													
													2026-01-26 (3회차)"
더조은컴퓨터아카데미학원,"서울 마포구 
												
													( 02-336-9008 )",IT부트캠프 프로젝트 기반 AWS 자바(스프링부트&리액트) 풀스택 개발자 양성,"2025-08-01 ~
													
													2026-02-10 (9회차)"
더조은컴퓨터아카데미학원,"서울 마포구 
												
													( 02-336-9008 )","생성형 AI-랭체인(LLM) 활용 백엔드(풀스택) 엔지니어(자바, 파이썬) 양성","2025-08-01 ~
													
													2026-02-10 (2회차)"
부산예일직업전문학교,"부산 부산진구 
												
													( 051-467-1912 )",융합_[K-디지털]스마트관광컨벤션 서비스 제공을 위한 메타버스 구현,"2025-08-05 ~
													
													2026-01-06 (1회차)"
에스비에스아카데미컴퓨터아트학원,"서울 종로구 
												
													( 02-6263-5522 )",UIUX 웹퍼블리셔 양성과정,"2025-08-12 ~
													
													2025-12-19 (1회차)"
윤성컴퓨터디자인DX아카데미,"대구 중구 
												
													( 053-252-8889 )",AWS 활용 자바 풀스택 개발자 양성,"2025-08-18 ~
													
													2026-02-23 (5회차)"
SBS아카데미컴퓨터아트학원,"인천 남동구 
												
													( 032-212-0777 )",UIUX 웹퍼블리셔 양성과정,"2025-08-19 ~
													
													2025-12-02 (1회차)"
에스비에스(SBS)아카데미컴퓨터아트학원,"대전 서구 
												
													( 042-716-7455 )",UI/UX프론트엔드 개발자,"2025-08-27 ~
													
													2025-12-24 (2회차)"
에이콘아카데미 홍대학원,"서울 마포구 
												
													( 02-2233-6417 )",자바&파이썬 빅데이터 플랫폼 웹서비스 개발자,"2025-09-16 ~
													
													2026-03-16 (6회차)"
