제목,기관,마감일,조회수,상세링크,썸네일
[비트교육센터] [취업연계] 클라우드 기반 자바 백엔드 개발자 양성과정,비트교육센터,,,https://linkareer.com/activity/234189,https://media-cdn.linkareer.com/activity_manager/thumbnail/544437?d=60xauto
[국비교육] 프론트엔드 개발자 전액무료과정  (KDT) 3월 개강,그린컴퓨터아트학원 종로지점,,,https://linkareer.com/activity/227486,https://media-cdn.linkareer.com/activity_manager/thumbnail/520719?d=60xauto
[일산] [3월 개강확정!] 프론트엔드·웹퍼블리셔 UI/UX 개발자양성 과정 모집! (산대특 전액 무료),더조은컴퓨터학원 일산캠퍼스,,,https://linkareer.com/activity/226179,https://media-cdn.linkareer.com/activity_manager/thumbnail/514664?d=60xauto
[국제인재개발원] AIoT 통합 스마트솔루션 개발자 양성과정,국제인재개발원,,,https://linkareer.com/activity/236523,https://media-cdn.linkareer.com/activity_manager/thumbnail/552031?d=60xauto
[메가스터디교육그룹] 인공지능(AI)활용 서비스 개발자(프론트엔드_React) 취업과정(교육생모집/전액국비지원),더조은컴퓨터아카데미 종로,,,https://linkareer.com/activity/235290,https://media-cdn.linkareer.com/activity_manager/thumbnail/547991?d=60xauto
서울시 매력일자리사업-메타버스 구축을 위한 XR 콘텐츠 개발자 양성 과정,사단법인 디엠시코넷,,,https://linkareer.com/activity/233417,https://media-cdn.linkareer.com/activity_manager/thumbnail/541738?d=60xauto
[쌍용강북교육센터] 5/19 개강! Java Full-Stack개발자 양성과정 (이수연 강사),쌍용교육센터,,,https://linkareer.com/activity/235658,https://media-cdn.linkareer.com/activity_manager/thumbnail/549129?d=60xauto
[한국직업전문학교] [KDT] 의료 Medical AI 분석 서비스 개발자 과정 수강생 모집,한국직업전문학교,,,https://linkareer.com/activity/230136,"data:image/gif;base64,R0lGODlhAQABAIAAAAAAAP///yH5BAEAAAAALAAAAAABAAEAAAIBRAA7"
[KG아이티뱅크] 핀테크 서비스를 위한 풀스택 개발자 양성 과정 9회차,KG아이티뱅크,,,https://linkareer.com/activity/233073,"data:image/gif;base64,R0lGODlhAQABAIAAAAAAAP///yH5BAEAAAAALAAAAAABAAEAAAIBRAA7"
비전공자도 가능한 IT개발자 입문_취업 연계 전액 무료교육 (취업맞춤형 교육),한국소프트웨어아이엔씨,,,https://linkareer.com/activity/236031,"data:image/gif;base64,R0lGODlhAQABAIAAAAAAAP///yH5BAEAAAAALAAAAAABAAEAAAIBRAA7"
★물류/ICT학과 추천★ IcT활용 시스템개발자양성 무료 교육,부산예일직업전문학교,,,https://linkareer.com/activity/231890,"data:image/gif;base64,R0lGODlhAQABAIAAAAAAAP///yH5BAEAAAAALAAAAAABAAEAAAIBRAA7"
[그린컴퓨터아카데미 부산] 자바&Springboot 크로스 플랫폼(풀스택)융합 응용SW개발자 양성과정,그린컴퓨터아카데미 부산,,,https://linkareer.com/activity/236816,"data:image/gif;base64,R0lGODlhAQABAIAAAAAAAP///yH5BAEAAAAALAAAAAABAAEAAAIBRAA7"
"[더조은컴퓨터아카데미] 프론트엔드(React, React Native) 웹개발&앱개발자 취업캠프 5회차",더조은컴퓨터아카데미,,,https://linkareer.com/activity/237720,"data:image/gif;base64,R0lGODlhAQABAIAAAAAAAP///yH5BAEAAAAALAAAAAABAAEAAAIBRAA7"
"IT개발자, 기획자 인턴십 교육프로그램 서울시 매력일자리 사업",(주)코드랩이앤티,,,https://linkareer.com/activity/231295,"data:image/gif;base64,R0lGODlhAQABAIAAAAAAAP///yH5BAEAAAAALAAAAAABAAEAAAIBRAA7"
[IT/제조업 취업지원] 프로젝트 기반의 스마트팩토리 개발자 양성과정 교육생 모집,부산벤처기업협회,,,https://linkareer.com/activity/236721,"data:image/gif;base64,R0lGODlhAQABAIAAAAAAAP///yH5BAEAAAAALAAAAAABAAEAAAIBRAA7"
[성수/미뇽맨션] 인형브랜드 앱개발자 채용 (3년이하 신입),에고이즘,,,https://linkareer.com/activity/232869,"data:image/gif;base64,R0lGODlhAQABAIAAAAAAAP///yH5BAEAAAAALAAAAAABAAEAAAIBRAA7"
[커넥트웨이브] [플레이오토] AI 개발자 채용,커넥트웨이브,,,https://linkareer.com/activity/231520,"data:image/gif;base64,R0lGODlhAQABAIAAAAAAAP///yH5BAEAAAAALAAAAAABAAEAAAIBRAA7"
[AI아카데미] 0에서 시작하는 모두를 위한 코딩 교육 <리액트&스프링 활용 풀스택(프론트엔드&백엔드) 자바 개발자 과정,AI아카데미,,,https://linkareer.com/activity/221064,"data:image/gif;base64,R0lGODlhAQABAIAAAAAAAP///yH5BAEAAAAALAAAAAABAAEAAAIBRAA7"
[웅진씽크빅] 인턴 연계형 웹개발자(Java) 양성과정,(주)웅진씽크빅,,,https://linkareer.com/activity/237077,"data:image/gif;base64,R0lGODlhAQABAIAAAAAAAP///yH5BAEAAAAALAAAAAABAAEAAAIBRAA7"
"[이빗] AI Trainer - 개발자 모집 (Python, C++, C#, Java, Javascript)",이빗,,,https://linkareer.com/activity/235052,"data:image/gif;base64,R0lGODlhAQABAIAAAAAAAP///yH5BAEAAAAALAAAAAABAAEAAAIBRAA7"
[CJ나눔재단] 2025 CJ도너스캠프 대학생봉사단 모집(~4/30),CJ나눔재단,,,https://linkareer.com/activity/230757,https://api.linkareer.com/attachments/532782?d=60xauto
Marketing Master 마케팅 스터디 동아리,(주)프리즘,,,https://linkareer.com/activity/217218,https://api.linkareer.com/attachments/535793?d=60xauto
2025 대한민국 대학생 광고대회 (KOSAC),(사)한국광고총연합회,,,https://linkareer.com/activity/226774,https://api.linkareer.com/attachments/517695?d=60xauto
[BMW코리아] 2025 2nd Internship 인턴 모집,BMW코리아,,,https://linkareer.com/activity/236659,https://media-cdn.linkareer.com/activity_manager/logos/552421?d=60xauto
"[더조은컴퓨터아카데미] 프론트엔드(React, React Native) 웹개발&앱개발자 취업캠프 5회차",더조은컴퓨터아카데미,,,https://linkareer.com/activity/237720,https://media-cdn.linkareer.com/activity_manager/thumbnail/555774?d=60xauto
[포스코x코딩온] 대기업 취업 시장의 핵심! 심화 프로젝트 경험으로 완성하는 (포항)스마트팩토리 SW 개발자 단기 6기(~5/14),스프레틱스,,,https://linkareer.com/activity/234997,https://media-cdn.linkareer.com/activity_manager/thumbnail/551814?d=60xauto
[SW] 백엔드 개발자 인턴 채용,주식회사 코딧,,,https://linkareer.com/activity/229966,https://media-cdn.linkareer.com/activity_manager/logos/530033?d=60xauto
[미국] 안마의자 유통회사 코딩 개발자&웹 프로그래머 채용,Titan Chair LLC,,,https://linkareer.com/activity/221485,https://media-cdn.linkareer.com/activity_manager/logos/498751?d=60xauto
"[그린컴퓨터아카데미] [스마트웹&콘텐츠개발]UI/UX & 프론트엔드(반응형웹,피그마,리엑트,SQL)개발자 양성",그린컴퓨터아카데미 부산,,,https://linkareer.com/activity/237724,https://media-cdn.linkareer.com/activity_manager/thumbnail/555793?d=60xauto
[SW] 프론트엔드 개발자 인턴 채용 (React.js),주식회사 코딧,,,https://linkareer.com/activity/229931,https://media-cdn.linkareer.com/activity_manager/logos/529922?d=60xauto
[전액국비] 전공무관 웹개발자 부트캠프 취업과정,구트아카데미,,,https://linkareer.com/activity/222150,https://media-cdn.linkareer.com/activity_manager/thumbnail/501495?d=60xauto
[채용연계형] 자바 풀스택 개발자 취업캠프 12기,주식회사 천재교육,,,https://linkareer.com/activity/234752,"data:image/gif;base64,R0lGODlhAQABAIAAAAAAAP///yH5BAEAAAAALAAAAAABAAEAAAIBRAA7"
[국비교육] 프론트엔드 개발자 전액무료과정  (KDT) 3월 개강,그린컴퓨터아트학원 종로지점,,,https://linkareer.com/activity/229948,"data:image/gif;base64,R0lGODlhAQABAIAAAAAAAP///yH5BAEAAAAALAAAAAABAAEAAAIBRAA7"
[중앙정보기술인재개발원] 클라우드 데브옵스 자바(JAVA) 풀스텍 개발자 취업캠프 [홍순구] ( ~ 4/28 ),중앙정보기술인재개발원,,,https://linkareer.com/activity/220860,"data:image/gif;base64,R0lGODlhAQABAIAAAAAAAP///yH5BAEAAAAALAAAAAABAAEAAAIBRAA7"
[쌍용교육센터] 4/30개강 AWS와 Docker & Kubernetes를 활용한 Java Full-Stack 개발자 양성과정,쌍용교육센터,,,https://linkareer.com/activity/236815,"data:image/gif;base64,R0lGODlhAQABAIAAAAAAAP///yH5BAEAAAAALAAAAAABAAEAAAIBRAA7"
[포스코x코딩온] 대기업 취업 시장의 핵심! 심화 프로젝트 경험으로 완성하는 (서울)스마트팩토리 SW 개발자 단기 5기(~4/23),스프레틱스,,,https://linkareer.com/activity/229882,"data:image/gif;base64,R0lGODlhAQABAIAAAAAAAP///yH5BAEAAAAALAAAAAABAAEAAAIBRAA7"
✅ [메가스터디교육그룹] 프로젝트 기반 풀스택 개발자 취업캠프(교육생모집/전액국비지원),더조은컴퓨터아카데미 종로,,,https://linkareer.com/activity/233821,"data:image/gif;base64,R0lGODlhAQABAIAAAAAAAP///yH5BAEAAAAALAAAAAABAAEAAAIBRAA7"
[SBS아카데미게임학원신촌/홍대점]훈련비 전액무료 게임 개발자 프로그래밍 전문가 양성과정,SBS아카데미게임학원 신촌점,,,https://linkareer.com/activity/227412,"data:image/gif;base64,R0lGODlhAQABAIAAAAAAAP///yH5BAEAAAAALAAAAAABAAEAAAIBRAA7"
[국비교육/정규직연계] 풀스택 개발자 교육생 모집 (총 838만원) (25명 마감),한국경영혁신중소기업협회,,,https://linkareer.com/activity/229451,"data:image/gif;base64,R0lGODlhAQABAIAAAAAAAP///yH5BAEAAAAALAAAAAABAAEAAAIBRAA7"
[쌍용강북교육센터] 4/28 개강! Java Full-Stack개발자 양성과정 (김호진 강사),쌍용교육센터,,,https://linkareer.com/activity/231800,"data:image/gif;base64,R0lGODlhAQABAIAAAAAAAP///yH5BAEAAAAALAAAAAABAAEAAAIBRAA7"
(계룡건설) 빅데이터 기반 Green Tech SW개발자,미래융합교육원,,,https://linkareer.com/activity/234746,"data:image/gif;base64,R0lGODlhAQABAIAAAAAAAP///yH5BAEAAAAALAAAAAABAAEAAAIBRAA7"
[내일배움카드/KDT 11기 모집] 2025년 4월 30일 개강 Java Full-Stack 개발자 양성과정,쌍용교육센터,,,https://linkareer.com/activity/225785,"data:image/gif;base64,R0lGODlhAQABAIAAAAAAAP///yH5BAEAAAAALAAAAAABAAEAAAIBRAA7"
[미래융합교육원] [계룡건설] 빅데이터 기반 Green Tech SW 개발자 과정,미래융합교육원,,,https://linkareer.com/activity/235703,"data:image/gif;base64,R0lGODlhAQABAIAAAAAAAP///yH5BAEAAAAALAAAAAABAAEAAAIBRAA7"
2025 K-MOVE 스쿨 일본취업 클라우드 기반 웹 개발자 양성과정,주식회사 스페이스씨엘,,,https://linkareer.com/activity/226494,"data:image/gif;base64,R0lGODlhAQABAIAAAAAAAP///yH5BAEAAAAALAAAAAABAAEAAAIBRAA7"
[메이크샵] 백엔드 개발자(Data실),(주)커넥트웨이브,,,https://linkareer.com/activity/226518,https://media-cdn.linkareer.com/activity_manager/logos/516314?d=60xauto
[쌍용강북교육센터] 5/12 개강! Java Full-Stack개발자 양성 과정 (하만석 강사),쌍용교육센터,,,https://linkareer.com/activity/235614,https://media-cdn.linkareer.com/activity_manager/thumbnail/549017?d=60xauto
[주식회사 테크로스] S/W 개발자 신입/경력 모집,테크로스,,,https://linkareer.com/activity/231000,https://media-cdn.linkareer.com/activity_manager/logos/533582?d=60xauto
[마이리얼트립] 여행서비스 백엔드 개발자 채용,마이리얼트립,,,https://linkareer.com/activity/223500,https://media-cdn.linkareer.com/activity_manager/logos/506012?d=60xauto
[풀스택 개발자],(주)커넥트웨이브,,,https://linkareer.com/activity/234161,https://media-cdn.linkareer.com/activity_manager/logos/516314?d=60xauto
[생활연구소] 안드로이드개발팀 개발자 채용,생활연구소,,,https://linkareer.com/activity/229093,https://media-cdn.linkareer.com/activity_manager/logos/527038?d=60xauto
[포티투닷] Android 개발자 (인턴),포티투닷,,,https://linkareer.com/activity/229080,https://media-cdn.linkareer.com/activity_manager/logos/527013?d=60xauto
[원익피앤이] SW기술 1G FMS & ECS 개발자 채용,원익피앤이,,,https://linkareer.com/activity/222584,"data:image/gif;base64,R0lGODlhAQABAIAAAAAAAP///yH5BAEAAAAALAAAAAABAAEAAAIBRAA7"
"[에듀클라우드] 풀스택 개발자, 서비스 기획자 경력직 채용",에듀클라우드,,,https://linkareer.com/activity/234769,"data:image/gif;base64,R0lGODlhAQABAIAAAAAAAP///yH5BAEAAAAALAAAAAABAAEAAAIBRAA7"
[프레인글로벌] [IT] 웹 개발자 (계약직),프레인글로벌,,,https://linkareer.com/activity/226001,"data:image/gif;base64,R0lGODlhAQABAIAAAAAAAP///yH5BAEAAAAALAAAAAABAAEAAAIBRAA7"
[넥슨코리아] [인텔리전스랩스] Android 앱 개발자 (계약직) 채용,넥슨코리아,,,https://linkareer.com/activity/232654,"data:image/gif;base64,R0lGODlhAQABAIAAAAAAAP///yH5BAEAAAAALAAAAAABAAEAAAIBRAA7"
★전액무료★XR기반 실감콘텐츠 개발자 양성,THE국제직업전문학교,,,https://linkareer.com/activity/237466,"data:image/gif;base64,R0lGODlhAQABAIAAAAAAAP///yH5BAEAAAAALAAAAAABAAEAAAIBRAA7"
[IT/제조 취업지원] 프로젝트 기반의 스마트팩토리 개발자 양성과정,부산벤처기업협회,,,https://linkareer.com/activity/237470,"data:image/gif;base64,R0lGODlhAQABAIAAAAAAAP///yH5BAEAAAAALAAAAAABAAEAAAIBRAA7"
[한국ICT인재개발원] 클라우드 기반 자바&스프링 개발자 과정 - (클라우드기반 프론트&백엔드 풀스택) (강남),한국ICT인재개발원,,,https://linkareer.com/activity/232855,"data:image/gif;base64,R0lGODlhAQABAIAAAAAAAP///yH5BAEAAAAALAAAAAABAAEAAAIBRAA7"
[코멘토] 개발자를 위한 시스템 반도체 SW개발 기초(디바이스 드라이버 개발),코멘토,,,https://linkareer.com/activity/237425,"data:image/gif;base64,R0lGODlhAQABAIAAAAAAAP///yH5BAEAAAAALAAAAAABAAEAAAIBRAA7"
[한글과컴퓨터] [상시모집] ML 모델 개발자 채용,한글과컴퓨터,,,https://linkareer.com/activity/233981,"data:image/gif;base64,R0lGODlhAQABAIAAAAAAAP///yH5BAEAAAAALAAAAAABAAEAAAIBRAA7"
2025서울시 매력일자리사업 -메타버스 구축을 위한 XR 콘텐츠 개발자 양성 과정 교육생 모집(인턴십 3개월),사단법인 디엠시코넷,,,https://linkareer.com/activity/237150,"data:image/gif;base64,R0lGODlhAQABAIAAAAAAAP///yH5BAEAAAAALAAAAAABAAEAAAIBRAA7"
[강남센터] [삼정KPMG TechLab] 데이터 활용 웹 풀스택 개발자 과정 2기 (AI· ESG 데이터 활용),AI아카데미,,,https://linkareer.com/activity/237719,"data:image/gif;base64,R0lGODlhAQABAIAAAAAAAP///yH5BAEAAAAALAAAAAABAAEAAAIBRAA7"
[더조은컴퓨터아카데미 부산캠퍼스] K디지털 트레이닝 풀스택 개발자 과정,부산더조은직업전문학교,,,https://linkareer.com/activity/227699,"data:image/gif;base64,R0lGODlhAQABAIAAAAAAAP///yH5BAEAAAAALAAAAAABAAEAAAIBRAA7"
[일산] [2월 개강확정!] 기업실무 프로젝트기반 자바&프론트엔드 개발자 (전액무료 KDT 취업과정),더조은컴퓨터학원 일산캠퍼스,,,https://linkareer.com/activity/223663,"data:image/gif;base64,R0lGODlhAQABAIAAAAAAAP///yH5BAEAAAAALAAAAAABAAEAAAIBRAA7"
"IT 취업? 개발을 배워야합니다! 풀스택 개발자 양성과정_국비무료에 수당까지(마감까지 8명, 기간 변경)",연세IT미래교육원,,,https://linkareer.com/activity/231679,https://media-cdn.linkareer.com/activity_manager/thumbnail/535676?d=60xauto
[전액국비무료] 스프링부트를 활용한 자바 풀스택 개발자 양성 과정,영진직업전문학교,,,https://linkareer.com/activity/232409,https://media-cdn.linkareer.com/activity_manager/thumbnail/538064?d=60xauto
[멀티캠퍼스] 백엔드 개발자 부트캠프(스프링) [04/28 개강],(주)멀티캠퍼스,,,https://linkareer.com/activity/229297,https://media-cdn.linkareer.com/activity_manager/thumbnail/527819?d=60xauto
[더조은컴퓨터아카데미 부산캠퍼스] K디지털 트레이닝 풀스택 개발자 양성과정,부산더조은직업전문학교,,,https://linkareer.com/activity/225184,https://media-cdn.linkareer.com/activity_manager/thumbnail/511461?d=60xauto
[전액무료] 개발자 부트캠프(기업멘토링),구트아카데미,,,https://linkareer.com/activity/231351,https://media-cdn.linkareer.com/activity_manager/thumbnail/534748?d=60xauto
국비교육 듣지 말라고? 나 개발자 취업할 건데? / 1000시간 집중으로 실력 UP. 풀스택 개발자 부트캠프,연세IT미래교육원,,,https://linkareer.com/activity/235417,https://media-cdn.linkareer.com/activity_manager/thumbnail/548380?d=60xauto
AWS 클라우드를 활용한 MSA 기반 자바 개발자 양성과정,국제인재능력개발원,,,https://linkareer.com/activity/229232,https://media-cdn.linkareer.com/activity_manager/thumbnail/527604?d=60xauto
(게임콘텐츠제작) 게임프로그래밍 개발자 양성과정,인천직업능력교육원,,,https://linkareer.com/activity/222991,"data:image/gif;base64,R0lGODlhAQABAIAAAAAAAP///yH5BAEAAAAALAAAAAABAAEAAAIBRAA7"
[에이콘아카데미] K-디지털 트레이닝 | 백엔드+프론트엔드 자바(JAVA) 풀스택 개발자 양성과정,에이콘아카데미,,,https://linkareer.com/activity/236233,"data:image/gif;base64,R0lGODlhAQABAIAAAAAAAP///yH5BAEAAAAALAAAAAABAAEAAAIBRAA7"
[사천] 정비훈련장비 시뮬레이터 3D 개발자 구인,(주)비유테크놀러지,,,https://linkareer.com/activity/236531,"data:image/gif;base64,R0lGODlhAQABAIAAAAAAAP///yH5BAEAAAAALAAAAAABAAEAAAIBRAA7"
[디엠씨코넷] 과기부 무료 개발자교육 교육생 모집 (빅데이터/인공지능),사단법인 디엠씨코넷,,,https://linkareer.com/activity/233388,"data:image/gif;base64,R0lGODlhAQABAIAAAAAAAP///yH5BAEAAAAALAAAAAABAAEAAAIBRAA7"
[무료/채용협약] 게임개발자 교육생 모집 (초봉 4000만원 개발자 가능),주식회사 제이제이이엔씨 (JJe&C),,,https://linkareer.com/activity/225507,"data:image/gif;base64,R0lGODlhAQABAIAAAAAAAP///yH5BAEAAAAALAAAAAABAAEAAAIBRAA7"
[신세계아이앤씨] JAVA 기반 백엔드 개발자 양성 과정 8차,신세계아이앤씨,,,https://linkareer.com/activity/235106,"data:image/gif;base64,R0lGODlhAQABAIAAAAAAAP///yH5BAEAAAAALAAAAAABAAEAAAIBRAA7"
(주) 비유테크놀로지 정비훈련장비 시뮬레이터 소프트웨어 개발자 채용[사천],(주)비유테크놀러지,,,https://linkareer.com/activity/236529,"data:image/gif;base64,R0lGODlhAQABAIAAAAAAAP///yH5BAEAAAAALAAAAAABAAEAAAIBRAA7"
[일산] (산대특) 자바 웹개발자 양성 취업과정 생성형AI + 금융/공공,더조은컴퓨터학원 일산캠퍼스,,,https://linkareer.com/activity/226180,"data:image/gif;base64,R0lGODlhAQABAIAAAAAAAP///yH5BAEAAAAALAAAAAABAAEAAAIBRAA7"
[디엠씨코넷]빅데이터 예측 분석과 모델링을 활용한 개발자 양성,사단법인 디엠씨코넷,,,https://linkareer.com/activity/234300,"data:image/gif;base64,R0lGODlhAQABAIAAAAAAAP///yH5BAEAAAAALAAAAAABAAEAAAIBRAA7"
[경일게임IT아카데미] 유니티 엔진 게임 개발자 과정,경일게임IT아카데미,,,https://linkareer.com/activity/236525,"data:image/gif;base64,R0lGODlhAQABAIAAAAAAAP///yH5BAEAAAAALAAAAAABAAEAAAIBRAA7"
Hyper AI 2기 챗봇개발자 과정,국립부경대학교 산학협력단,,,https://linkareer.com/activity/236562,"data:image/gif;base64,R0lGODlhAQABAIAAAAAAAP///yH5BAEAAAAALAAAAAABAAEAAAIBRAA7"
[펄어비스] [신입] 웹 개발자 모집 - 백엔드 채용,펄어비스,,,https://linkareer.com/activity/221100,"data:image/gif;base64,R0lGODlhAQABAIAAAAAAAP///yH5BAEAAAAALAAAAAABAAEAAAIBRAA7"
[취업연계 무료교육] IT신입개발자 입문 교육 (기초~실무),한국소프트웨어인재개발원,,,https://linkareer.com/activity/237142,"data:image/gif;base64,R0lGODlhAQABAIAAAAAAAP///yH5BAEAAAAALAAAAAABAAEAAAIBRAA7"
[강남센터] [삼정KPMG TechLab] 풀스택 (프론트엔드+백엔드) 개발자 과정 (AI· ESG 데이터 활용) 2기,삼정KPMG TechLab,,,https://linkareer.com/activity/237116,https://media-cdn.linkareer.com/activity_manager/thumbnail/553867?d=60xauto
"창업을 통해 세상을 변화시키고 싶은 기획자, 디자이너, 개발자 집중!",흔적을 남기는 사람들,,,https://linkareer.com/activity/232557,https://api.linkareer.com/attachments/538732?d=60xauto
[미국인턴] 클라우드 기반 플랫폼 E-비즈니스 솔루션 제공 기업 - 웹개발자 인턴 채용,Codiz Inc,,,https://linkareer.com/activity/224594,https://media-cdn.linkareer.com/activity_manager/logos/509516?d=60xauto
[11번가] 프론트엔드 개발자 채용,11번가,,,https://linkareer.com/activity/222777,https://media-cdn.linkareer.com/activity_manager/logos/503561?d=60xauto
[내일배움카드/KDT 12기 모집] 2025년 5월 28일 개강 Java Full-Stack 개발자 양성과정,쌍용교육센터,,,https://linkareer.com/activity/228178,https://media-cdn.linkareer.com/activity_manager/thumbnail/523253?d=60xauto
[메인비즈협회] 서울시 매력 일자리 풀스택 웹개발자 실무과정 2025년 1차,메인비즈협회,,,https://linkareer.com/activity/235109,https://media-cdn.linkareer.com/activity_manager/thumbnail/547441?d=60xauto
[한국직업전문학교] [KDT] 의료 Medical AI 분석 서비스 개발자 과정 수강생 모집,한국직업전문학교,,,https://linkareer.com/activity/237483,https://media-cdn.linkareer.com/activity_manager/thumbnail/555493?d=60xauto
[AI취업] AI개발자 데이터분석엔지니어 국민내일배움카드 전액무료 교육과정,알파코캠퍼스,,,https://linkareer.com/activity/235864,"data:image/gif;base64,R0lGODlhAQABAIAAAAAAAP///yH5BAEAAAAALAAAAAABAAEAAAIBRAA7"
[오픈드림컴퍼니] 프론트엔드 개발자 (인턴),오픈드림컴퍼니,,,https://linkareer.com/activity/228731,"data:image/gif;base64,R0lGODlhAQABAIAAAAAAAP///yH5BAEAAAAALAAAAAABAAEAAAIBRAA7"
[신성통상] DP백엔드개발팀 BACKEND 신입 개발자 채용 (상시),신성통상,,,https://linkareer.com/activity/222033,"data:image/gif;base64,R0lGODlhAQABAIAAAAAAAP///yH5BAEAAAAALAAAAAABAAEAAAIBRAA7"
"[아이티윌 부산교육센터] ChatGPT 활용 금융서비스 백엔드(자바, 스프링) 개발자",아이티윌 부산교육센터,,,https://linkareer.com/activity/233640,"data:image/gif;base64,R0lGODlhAQABAIAAAAAAAP///yH5BAEAAAAALAAAAAABAAEAAAIBRAA7"
[엔테크서비스] 2025 신입개발자 채용,엔테크서비스,,,https://linkareer.com/activity/236121,"data:image/gif;base64,R0lGODlhAQABAIAAAAAAAP///yH5BAEAAAAALAAAAAABAAEAAAIBRAA7"
[PTKOREA] 글로벌 브랜드 플랫폼 QA 자동화 Front-end 개발자 (인턴),PTKOREA,,,https://linkareer.com/activity/236197,"data:image/gif;base64,R0lGODlhAQABAIAAAAAAAP///yH5BAEAAAAALAAAAAABAAEAAAIBRAA7"
[전액 국비지원 IT취업교육] JAVA 프론트엔드 & 백엔드 풀스택 개발자,중앙정보처리학원,,,https://linkareer.com/activity/220525,"data:image/gif;base64,R0lGODlhAQABAIAAAAAAAP///yH5BAEAAAAALAAAAAABAAEAAAIBRAA7"
[메가존] 기업주도 클라우드 개발자 양성과정,국제인재능력개발원,,,https://linkareer.com/activity/220210,"data:image/gif;base64,R0lGODlhAQABAIAAAAAAAP///yH5BAEAAAAALAAAAAABAAEAAAIBRAA7"
현직 개발자와 함께하는 JAVA 풀스택 웹개발 + 클라우드 (22기),에이치비아이기술연구소,,,https://linkareer.com/activity/219714,"data:image/gif;base64,R0lGODlhAQABAIAAAAAAAP///yH5BAEAAAAALAAAAAABAAEAAAIBRAA7"
[전액무료 취업교육] 기업실무 프로젝트기반 자바&프론트엔드 개발자,더조은컴퓨터학원 일산캠퍼스,,,https://linkareer.com/activity/218783,"data:image/gif;base64,R0lGODlhAQABAIAAAAAAAP///yH5BAEAAAAALAAAAAABAAEAAAIBRAA7"
[국비전액지원] K-디지털 트레이닝 풀스택 자바 개발자 수강생 大 모집!,이젠아카데미 컴퓨터학원 김포캠퍼스,,,https://linkareer.com/activity/215291,"data:image/gif;base64,R0lGODlhAQABAIAAAAAAAP///yH5BAEAAAAALAAAAAABAAEAAAIBRAA7"
<데이터 활용 풀스택 개발자 과정> 2기 모집,AI아카데미 (비트캠프 강남센터),,,https://linkareer.com/activity/215151,"data:image/gif;base64,R0lGODlhAQABAIAAAAAAAP///yH5BAEAAAAALAAAAAABAAEAAAIBRAA7"
[우수훈련기관추천]생성형 AI와 게임엔진(Unity)을 활용한 실감콘텐츠(VR/AR) 개발자 육성,더조은컴퓨터아카데미 신촌점,,,https://linkareer.com/activity/214159,"data:image/gif;base64,R0lGODlhAQABAIAAAAAAAP///yH5BAEAAAAALAAAAAABAAEAAAIBRAA7"
코드랩아카데미 [부트캠프]AI 인공지능 웹서비스 풀스택 개발자(AICC딥러닝) 6기,(주) 코드랩이앤티,,,https://linkareer.com/activity/213430,https://media-cdn.linkareer.com/activity_manager/thumbnail/472630?d=60xauto
(주)케어마인더 프론트 앱(RN) 개발자 모집,주식회사 케어마인더,,,https://linkareer.com/activity/211076,https://media-cdn.linkareer.com/activity_manager/logos/512663?d=60xauto
[고양산업진흥원] 프로젝트 기반 AWS 풀스택 개발자 과정 1기,고양산업진흥원,,,https://linkareer.com/activity/205703,https://media-cdn.linkareer.com/activity_manager/thumbnail/448805?d=60xauto
자바(JAVA) 웹개발(백앤드)&앱개발자(클라우드활용) 취업캠프,더조은컴퓨터아카데미 강남캠퍼스,,,https://linkareer.com/activity/204701,https://media-cdn.linkareer.com/activity_manager/thumbnail/445791?d=60xauto
✅  AI웹개발자심화과정 - 하이미디어아카데미 강남점,하이미디어아카데미 강남점,,,https://linkareer.com/activity/202993,https://media-cdn.linkareer.com/activity_manager/thumbnail/440595?d=60xauto
[우수훈련기관추천과정]IT부트캠프 프로젝트 기반 AWS 자바(스프링부트&리액트) 풀스택 개발자 양성,더조은컴퓨터아카데미 신촌점,,,https://linkareer.com/activity/194507,https://media-cdn.linkareer.com/activity_manager/thumbnail/413040?d=60xauto
[LG CNS] ERP/솔루션 분야 (경력) 채용,LG CNS,,,https://linkareer.com/activity/236286,https://media-cdn.linkareer.com/activity_manager/logos/551302?d=60xauto
25조원 시장을 함께 집어 삼킬 밝고 맑은 코파운더를 모십니다!,크픽,,,https://linkareer.com/activity/233880,"data:image/gif;base64,R0lGODlhAQABAIAAAAAAAP///yH5BAEAAAAALAAAAAABAAEAAAIBRAA7"
[젠지이스포츠글로벌아카데미] 프로덕트 사원 / Product Associate 채용,젠지이스포츠글로벌아카데미,,,https://linkareer.com/activity/233236,"data:image/gif;base64,R0lGODlhAQABAIAAAAAAAP///yH5BAEAAAAALAAAAAABAAEAAAIBRAA7"
[넥슨코리아] [빈딕투스: 디파잉 페이트] 인게임 애니메이터 (계약직),넥슨코리아,,,https://linkareer.com/activity/223718,"data:image/gif;base64,R0lGODlhAQABAIAAAAAAAP///yH5BAEAAAAALAAAAAABAAEAAAIBRAA7"
[캐시워크] Flutter개발 채용전환형 인턴,넛지헬스케어 주식회사,,,https://linkareer.com/activity/228246,"data:image/gif;base64,R0lGODlhAQABAIAAAAAAAP///yH5BAEAAAAALAAAAAABAAEAAAIBRAA7"
[캐시워크] 안드로이드개발 채용전환형 인턴,넛지헬스케어 주식회사,,,https://linkareer.com/activity/228262,"data:image/gif;base64,R0lGODlhAQABAIAAAAAAAP///yH5BAEAAAAALAAAAAABAAEAAAIBRAA7"
우동(饂飩)책 : 우리 동네 책을 소개합니다,우동책,,,https://linkareer.com/activity/233623,"data:image/gif;base64,R0lGODlhAQABAIAAAAAAAP///yH5BAEAAAAALAAAAAABAAEAAAIBRAA7"
[기획/디자인/개발] 수익형 앱 런칭 동아리 CMC 17기 모집,CMC,,,https://linkareer.com/activity/237404,"data:image/gif;base64,R0lGODlhAQABAIAAAAAAAP///yH5BAEAAAAALAAAAAABAAEAAAIBRAA7"
[캐시워크] 프론트엔드개발 채용전환형 인턴,넛지헬스케어주식회사,,,https://linkareer.com/activity/228243,"data:image/gif;base64,R0lGODlhAQABAIAAAAAAAP///yH5BAEAAAAALAAAAAABAAEAAAIBRAA7"
2025 현대오토에버 배리어프리 앱 개발 콘테스트,(사)그린라이트,,,https://linkareer.com/activity/237522,"data:image/gif;base64,R0lGODlhAQABAIAAAAAAAP///yH5BAEAAAAALAAAAAABAAEAAAIBRAA7"
[캐시워크] 백엔드개발 채용전환형 인턴,넛지헬스케어주식회사,,,https://linkareer.com/activity/228242,"data:image/gif;base64,R0lGODlhAQABAIAAAAAAAP///yH5BAEAAAAALAAAAAABAAEAAAIBRAA7"
코로나(코딩으로부터 시작하는 나),코로나(코딩으로부터 시작하는 나),,,https://linkareer.com/activity/237395,"data:image/gif;base64,R0lGODlhAQABAIAAAAAAAP///yH5BAEAAAAALAAAAAABAAEAAAIBRAA7"
[캐시워크] 데이터분석 담당 채용전환형 인턴,넛지헬스케어 주식회사,,,https://linkareer.com/activity/228264,"data:image/gif;base64,R0lGODlhAQABAIAAAAAAAP///yH5BAEAAAAALAAAAAABAAEAAAIBRAA7"
[병역특례] 백엔드개발(Node.js) 산업기능요원 모집,넛지헬스케어주식회사,,,https://linkareer.com/activity/228239,"data:image/gif;base64,R0lGODlhAQABAIAAAAAAAP///yH5BAEAAAAALAAAAAABAAEAAAIBRAA7"
제13회 산업통상자원부 공공데이터 활용 아이디어 공모전,(주)디지털바인즈,,,https://linkareer.com/activity/236413,https://api.linkareer.com/attachments/551686?d=60xauto
[HDC랩스] 2025년 전직군 신입사원 공개채용,HDC랩스,,,https://linkareer.com/activity/233379,https://media-cdn.linkareer.com/activity_manager/logos/541635?d=60xauto
[고영테크놀러지] 기계 개발 및 설계 담당(의료장비) 채용,고영테크놀러지,,,https://linkareer.com/activity/221630,https://media-cdn.linkareer.com/activity_manager/logos/499516?d=60xauto
[병역특례] QA담당 산업기능요원 모집,넛지헬스케어 주식회사,,,https://linkareer.com/activity/228257,https://media-cdn.linkareer.com/activity_manager/logos/524087?d=60xauto
[컴투스] 마케팅 컨텐츠 기획자 (3년 이상) 채용,컴투스,,,https://linkareer.com/activity/235286,https://media-cdn.linkareer.com/activity_manager/logos/547979?d=60xauto
[캐시워크] iOS개발 채용전환형 인턴,넛지헬스케어 주식회사,,,https://linkareer.com/activity/228245,https://media-cdn.linkareer.com/activity_manager/logos/524058?d=60xauto
[마감 D-day 3] 코딩의 C도 모르는 사람들을 위한 코딩 회화!,코딩회화,,,https://linkareer.com/activity/232746,https://api.linkareer.com/attachments/539392?d=60xauto
[병역특례] Flutter개발 산업기능요원 모집,넛지헬스케어주식회사,,,https://linkareer.com/activity/228237,"data:image/gif;base64,R0lGODlhAQABAIAAAAAAAP///yH5BAEAAAAALAAAAAABAAEAAAIBRAA7"
[병역특례] 풀스택개발 산업기능요원 모집,넛지헬스케어주식회사,,,https://linkareer.com/activity/228234,"data:image/gif;base64,R0lGODlhAQABAIAAAAAAAP///yH5BAEAAAAALAAAAAABAAEAAAIBRAA7"
[주식회사 투어라이브] PM보조 (인턴),주식회사 투어라이브,,,https://linkareer.com/activity/227036,"data:image/gif;base64,R0lGODlhAQABAIAAAAAAAP///yH5BAEAAAAALAAAAAABAAEAAAIBRAA7"
[참가비 무료] 하루만에 데이터 분석 자격증 완전정복 세미나 (~4.26),중앙정보처리학원,,,https://linkareer.com/activity/233509,"data:image/gif;base64,R0lGODlhAQABAIAAAAAAAP///yH5BAEAAAAALAAAAAABAAEAAAIBRAA7"
⚠️404 Not Found 연합 동아리 : 이제는 해결하고 싶지않아?⚠️  - 2기 개발 연합동아리 부원 모집,404 Not Found,,,https://linkareer.com/activity/237726,"data:image/gif;base64,R0lGODlhAQABAIAAAAAAAP///yH5BAEAAAAALAAAAAABAAEAAAIBRAA7"
[슈어소프트테크] 2025년 각 부문별 신입 및 경력 채용 (~05/14),슈어소프트테크,,,https://linkareer.com/activity/236564,"data:image/gif;base64,R0lGODlhAQABAIAAAAAAAP///yH5BAEAAAAALAAAAAABAAEAAAIBRAA7"
[병역특례] 프론트엔드개발 산업기능요원 모집,넛지헬스케어주식회사,,,https://linkareer.com/activity/228238,"data:image/gif;base64,R0lGODlhAQABAIAAAAAAAP///yH5BAEAAAAALAAAAAABAAEAAAIBRAA7"
[팜한농] 2025년 상반기 신입사원 모집 안내,에프엠커뮤니케이션즈,,,https://linkareer.com/activity/235456,"data:image/gif;base64,R0lGODlhAQABAIAAAAAAAP///yH5BAEAAAAALAAAAAABAAEAAAIBRAA7"
"펄어비스 게임 제작 공모전 (만들어봐, 나만의 모험!)",펄어비스,,,https://linkareer.com/activity/234927,"data:image/gif;base64,R0lGODlhAQABAIAAAAAAAP///yH5BAEAAAAALAAAAAABAAEAAAIBRAA7"
[병역특례] 안드로이드개발 산업기능요원 모집,넛지헬스케어주식회사,,,https://linkareer.com/activity/228240,"data:image/gif;base64,R0lGODlhAQABAIAAAAAAAP///yH5BAEAAAAALAAAAAABAAEAAAIBRAA7"
[무료 밋업] AOAI Dev Day Korea 2025,(주)인공지능팩토리,,,https://linkareer.com/activity/235345,"data:image/gif;base64,R0lGODlhAQABAIAAAAAAAP///yH5BAEAAAAALAAAAAABAAEAAAIBRAA7"
"[인디크래프트] 대한민국을 넘어, 글로벌로 2025 인디크래프트 출품작 모집",인디크래프트,,,https://linkareer.com/activity/236623,"data:image/gif;base64,R0lGODlhAQABAIAAAAAAAP///yH5BAEAAAAALAAAAAABAAEAAAIBRAA7"
[병역특례] iOS개발 산업기능요원 모집,넛지헬스케어주식회사,,,https://linkareer.com/activity/228232,"data:image/gif;base64,R0lGODlhAQABAIAAAAAAAP///yH5BAEAAAAALAAAAAABAAEAAAIBRAA7"
[병역특례] 데이터분석 담당 산업기능요원 모집,넛지헬스케어주식회사,,,https://linkareer.com/activity/228241,https://media-cdn.linkareer.com/activity_manager/logos/524049?d=60xauto
[인터렉티브 웹 개발 동아리] Dev!에서 신규 멘티분들을 모집합니다!,[인터렉티브 웹 개발 동아리] Dev!,,,https://linkareer.com/activity/235713,https://api.linkareer.com/attachments/549298?d=60xauto
BUD 게임 커뮤니티 참가자 모집!,BUD,,,https://linkareer.com/activity/237641,https://api.linkareer.com/attachments/555524?d=60xauto
[인터렉티브 웹 개발 동아리] Dev!에서 신규 멘티분들을 모집합니다!,DEV,,,https://linkareer.com/activity/233289,https://api.linkareer.com/attachments/541319?d=60xauto
[하스] 2025년 상반기 부문별 신입 및 경력 채용 (~04/30),하스,,,https://linkareer.com/activity/236558,https://media-cdn.linkareer.com/activity_manager/logos/552165?d=60xauto
[라인플러스] AI Product Manager 채용,라인플러스,,,https://linkareer.com/activity/224022,https://media-cdn.linkareer.com/activity_manager/logos/507633?d=60xauto
[한국IBM] 2025 Internship Application Developer - SAP ABAP,한국아이비엠,,,https://linkareer.com/activity/235437,https://media-cdn.linkareer.com/activity_manager/logos/548417?d=60xauto
"영상AI(컴퓨터비전)을 활용한 사물인터넷(IOT) 개발자 양성(스마트팜, 자율주행차)",한국직업능력교육원 안산,,,https://linkareer.com/activity/191564,"data:image/gif;base64,R0lGODlhAQABAIAAAAAAAP///yH5BAEAAAAALAAAAAABAAEAAAIBRAA7"
✅ 풀스택 자바 개발자 국비지원 - 하이미디어아카데미 천호점,주식회사 하이미디어아카데미,,,https://linkareer.com/activity/189385,"data:image/gif;base64,R0lGODlhAQABAIAAAAAAAP///yH5BAEAAAAALAAAAAABAAEAAAIBRAA7"
✅ AI를 활용한 자바개발자 국비지원 - 하이미디어아카데미 구로,주식회사 하이미디어아카데미,,,https://linkareer.com/activity/189362,"data:image/gif;base64,R0lGODlhAQABAIAAAAAAAP///yH5BAEAAAAALAAAAAABAAEAAAIBRAA7"
[알파브라더스] 스타트업 컨설턴트 (주니어),알파브라더스,,,https://linkareer.com/activity/202948,"data:image/gif;base64,R0lGODlhAQABAIAAAAAAAP///yH5BAEAAAAALAAAAAABAAEAAAIBRAA7"
현직 개발자와 함께하는 JAVA 풀스택 웹개발 + 빅데이터 (23기),에이콘아카데미 홍대학원,,,https://linkareer.com/activity/164449,"data:image/gif;base64,R0lGODlhAQABAIAAAAAAAP///yH5BAEAAAAALAAAAAABAAEAAAIBRAA7"
[엔피씨] 연구소 웹서버 시스템 개발 및 AI (인공지능) 연구 개발자 채용,엔피씨,,,https://linkareer.com/activity/162709,"data:image/gif;base64,R0lGODlhAQABAIAAAAAAAP///yH5BAEAAAAALAAAAAABAAEAAAIBRAA7"
"4차산업 사물인터넷(iot) 시스템(스마트팜,자율주행차)개발자 양성",한국직업능력교육원 안산,,,https://linkareer.com/activity/148156,"data:image/gif;base64,R0lGODlhAQABAIAAAAAAAP///yH5BAEAAAAALAAAAAABAAEAAAIBRAA7"
